nct_id,sponsor_raw,drug_raw,phase,status,condition,start_date,completion_date,sponsor_key,drug_key,ticker,generic_name,brand_name,manufacturer_name,route,product_type,is_public_pharma,sponsor_type
NCT00916578,M.D. Anderson Cancer Center,Capecitabine,PHASE2,COMPLETED,Breast Cancer,2009-06-05,2017-06-06,M D ANDERSON CANCER CENTER,capecitabine,,CAPECITABINE,capecitabine,Dr. Reddy's Laboratories Limited,ORAL,HUMAN PRESCRIPTION DRUG,False,Academic / medical / govt
NCT03088878,"Oncternal Therapeutics, Inc",Cirmtuzumab (2-16 kg/mg) plus Ibrutinib,PHASE1,COMPLETED,B-cell Chronic Lymphocytic Leukemia; Small Lymphocytic Lymphoma; Mantle Cell Lymphoma; Marginal Zone Lymphoma,2018-01-03,2024-09-25,ONCTERNAL THERAPEUTICS,cirmtuzumab 2-16 kg mg plus ibrutinib,,,,,,,False,"Other (biotech, private, etc.)"
NCT03088878,"Oncternal Therapeutics, Inc",Cirmtuzumab (300mg) plus Ibrutinib,PHASE1,COMPLETED,B-cell Chronic Lymphocytic Leukemia; Small Lymphocytic Lymphoma; Mantle Cell Lymphoma; Marginal Zone Lymphoma,2018-01-03,2024-09-25,ONCTERNAL THERAPEUTICS,cirmtuzumab 300mg plus ibrutinib,,,,,,,False,"Other (biotech, private, etc.)"
NCT03088878,"Oncternal Therapeutics, Inc",Cirmtuzumab (600 mg) plus ibrutinib,PHASE1,COMPLETED,B-cell Chronic Lymphocytic Leukemia; Small Lymphocytic Lymphoma; Mantle Cell Lymphoma; Marginal Zone Lymphoma,2018-01-03,2024-09-25,ONCTERNAL THERAPEUTICS,cirmtuzumab 600 mg plus ibrutinib,,,,,,,False,"Other (biotech, private, etc.)"
NCT03088878,"Oncternal Therapeutics, Inc",Cirmtuzumab (RDR) plus ibrutinib,PHASE1,COMPLETED,B-cell Chronic Lymphocytic Leukemia; Small Lymphocytic Lymphoma; Mantle Cell Lymphoma; Marginal Zone Lymphoma,2018-01-03,2024-09-25,ONCTERNAL THERAPEUTICS,cirmtuzumab rdr plus ibrutinib,,,,,,,False,"Other (biotech, private, etc.)"
NCT03088878,"Oncternal Therapeutics, Inc",Cirmtuzumab plus ibrutinib,PHASE1,COMPLETED,B-cell Chronic Lymphocytic Leukemia; Small Lymphocytic Lymphoma; Mantle Cell Lymphoma; Marginal Zone Lymphoma,2018-01-03,2024-09-25,ONCTERNAL THERAPEUTICS,cirmtuzumab plus ibrutinib,,,,,,,False,"Other (biotech, private, etc.)"
NCT03088878,"Oncternal Therapeutics, Inc",Ibrutinib alone,PHASE1,COMPLETED,B-cell Chronic Lymphocytic Leukemia; Small Lymphocytic Lymphoma; Mantle Cell Lymphoma; Marginal Zone Lymphoma,2018-01-03,2024-09-25,ONCTERNAL THERAPEUTICS,ibrutinib alone,,,,,,,False,"Other (biotech, private, etc.)"
NCT05608785,Henan Cancer Hospital,IBI315,PHASE1,UNKNOWN,Gastric Cancer; Gastroesophageal-junction Cancer,2023-01-01,2024-10-01,HENAN CANCER HOSPITAL,ibi315,,,,,,,False,Academic / medical / govt
NCT05608785,Henan Cancer Hospital,Oxaliplatin,PHASE1,UNKNOWN,Gastric Cancer; Gastroesophageal-junction Cancer,2023-01-01,2024-10-01,HENAN CANCER HOSPITAL,oxaliplatin,,OXALIPLATIN,Oxaliplatin,Meitheal Pharmaceuticals Inc.,INTRAVENOUS,HUMAN PRESCRIPTION DRUG,False,Academic / medical / govt
NCT05608785,Henan Cancer Hospital,Capecitabine,PHASE1,UNKNOWN,Gastric Cancer; Gastroesophageal-junction Cancer,2023-01-01,2024-10-01,HENAN CANCER HOSPITAL,capecitabine,,CAPECITABINE,capecitabine,Dr. Reddy's Laboratories Limited,ORAL,HUMAN PRESCRIPTION DRUG,False,Academic / medical / govt
NCT05608785,Henan Cancer Hospital,TST001,PHASE1,UNKNOWN,Gastric Cancer; Gastroesophageal-junction Cancer,2023-01-01,2024-10-01,HENAN CANCER HOSPITAL,tst001,,,,,,,False,Academic / medical / govt
NCT05608785,Henan Cancer Hospital,TQB2450,PHASE1,UNKNOWN,Gastric Cancer; Gastroesophageal-junction Cancer,2023-01-01,2024-10-01,HENAN CANCER HOSPITAL,tqb2450,,,,,,,False,Academic / medical / govt
NCT05608785,Henan Cancer Hospital,Anrotinib,PHASE1,UNKNOWN,Gastric Cancer; Gastroesophageal-junction Cancer,2023-01-01,2024-10-01,HENAN CANCER HOSPITAL,anrotinib,,,,,,,False,Academic / medical / govt
NCT03753243,"Mark Garzotto, MD",Pembrolizumab,PHASE2,RECRUITING,Prostate Cancer,2018-12-03,2023-04-30,MARK GARZOTTO MD,pembrolizumab,,PEMBROLIZUMAB AND BERAHYALURONIDASE ALFA-PMPH,KEYTRUDA QLEX,Merck Sharp & Dohme LLC,SUBCUTANEOUS,HUMAN PRESCRIPTION DRUG,False,"Other (biotech, private, etc.)"
NCT03753243,"Mark Garzotto, MD",Enzalutamide,PHASE2,RECRUITING,Prostate Cancer,2018-12-03,2023-04-30,MARK GARZOTTO MD,enzalutamide,,ENZALUTAMIDE,Xtandi,"Astellas Pharma US, Inc.",ORAL,HUMAN PRESCRIPTION DRUG,False,"Other (biotech, private, etc.)"
NCT04447755,Merck Sharp & Dohme LLC,Lenvatinib,PHASE2,COMPLETED,Relapsed or Refractory Solid Tumors,2020-07-30,2025-02-13,MERCK SHARP DOHME,lenvatinib,MRK,LENVATINIB,Lenvima,Eisai Inc.,ORAL,HUMAN PRESCRIPTION DRUG,True,Public pharma
NCT05518526,Maria Sklodowska-Curie National Research Institute of Oncology,Liposomal Annamycin (L-Annamycin),PHASE1,UNKNOWN,Soft Tissue Sarcoma; Pulmonary Metastasis,2022-08-23,2025-08-01,MARIA SKLODOWSKA CURIE NATIONAL RESEARCH INSTITUTE OF ONCOLOGY,liposomal annamycin l-annamycin,,,,,,,False,Academic / medical / govt
NCT02542215,"Sucampo Pharma Americas, LLC",Cobiprostone,PHASE2,TERMINATED,Oral Mucositis,2015-06-01,2016-07-01,SUCAMPO PHARMA AMERICAS,cobiprostone,,,,,,,False,"Other (biotech, private, etc.)"
NCT02542215,"Sucampo Pharma Americas, LLC",Placebo,PHASE2,TERMINATED,Oral Mucositis,2015-06-01,2016-07-01,SUCAMPO PHARMA AMERICAS,placebo,,,,,,,False,"Other (biotech, private, etc.)"
NCT02542215,"Sucampo Pharma Americas, LLC",Standard Care - Chemotherapy,PHASE2,TERMINATED,Oral Mucositis,2015-06-01,2016-07-01,SUCAMPO PHARMA AMERICAS,standard care - chemotherapy,,,,,,,False,"Other (biotech, private, etc.)"
NCT01122615,M.D. Anderson Cancer Center,Sunitinib,PHASE1,COMPLETED,Renal Cell Cancer; Kidney Cancer,2010-05-01,2014-07-01,M D ANDERSON CANCER CENTER,sunitinib,,SUNITINIB MALATE,Sunitinib Malate,Novugen Pharma (USA) LLC.,ORAL,HUMAN PRESCRIPTION DRUG,False,Academic / medical / govt
NCT01122615,M.D. Anderson Cancer Center,Temsirolimus,PHASE1,COMPLETED,Renal Cell Cancer; Kidney Cancer,2010-05-01,2014-07-01,M D ANDERSON CANCER CENTER,temsirolimus,,TEMSIROLIMUS,Temsirolimus,"Fresenius Kabi USA, LLC",INTRAVENOUS,HUMAN PRESCRIPTION DRUG,False,Academic / medical / govt
NCT00003708,The University of Texas Health Science Center at San Antonio,temozolomide,PHASE1,COMPLETED,"Unspecified Adult Solid Tumor, Protocol Specific",1998-07-01,2000-05-01,THE UNIVERSITY OF TEXAS HEALTH SCIENCE CENTER AT SAN ANTONIO,temozolomide,,TEMOZOLOMIDE,TEMODAR,Merck Sharp & Dohme LLC,ORAL,HUMAN PRESCRIPTION DRUG,False,Academic / medical / govt
NCT00148876,GBG Forschungs GmbH,Capecitabine,PHASE3,COMPLETED,Breast Cancer,2003-09-01,2011-01-01,GBG FORSCHUNGS,capecitabine,,CAPECITABINE,capecitabine,Dr. Reddy's Laboratories Limited,ORAL,HUMAN PRESCRIPTION DRUG,False,"Other (biotech, private, etc.)"
NCT00148876,GBG Forschungs GmbH,Trastuzumab,PHASE3,COMPLETED,Breast Cancer,2003-09-01,2011-01-01,GBG FORSCHUNGS,trastuzumab,,ADO-TRASTUZUMAB EMTANSINE,KADCYLA,"Genentech, Inc.",INTRAVENOUS,HUMAN PRESCRIPTION DRUG,False,"Other (biotech, private, etc.)"
NCT05551117,MacroGenics,Abiraterone,PHASE2,TERMINATED,"Castration-Resistant Prostatic Cancer; Androgen-Independent Prostatic Cancer; Androgen-Insensitive Prostatic Cancer; Androgen-Resistant Prostatic Cancer; Hormone Refractory Prostatic Cancer; Anal Cancer; Anal Neoplasm; Carcinoma, Squamous Cell of Head and Neck; Head and Neck Squamous Cell Carcinoma; Laryngeal Squamous Cell Carcinoma; Oral Squamous Cell Carcinoma; Malignant Melanoma; Melanoma; Non-small Cell Lung Cancer; Non-small Cell Carcinoma; Small-cell Lung Cancer; Small Cell Carcinoma",2023-06-13,2025-01-23,MACROGENICS,abiraterone,,ABIRATERONE ACETATE,Abiraterone Acetate,Dr. Reddys Laboratories Inc,ORAL,HUMAN PRESCRIPTION DRUG,False,"Other (biotech, private, etc.)"
NCT05551117,MacroGenics,Enzalutamide,PHASE2,TERMINATED,"Castration-Resistant Prostatic Cancer; Androgen-Independent Prostatic Cancer; Androgen-Insensitive Prostatic Cancer; Androgen-Resistant Prostatic Cancer; Hormone Refractory Prostatic Cancer; Anal Cancer; Anal Neoplasm; Carcinoma, Squamous Cell of Head and Neck; Head and Neck Squamous Cell Carcinoma; Laryngeal Squamous Cell Carcinoma; Oral Squamous Cell Carcinoma; Malignant Melanoma; Melanoma; Non-small Cell Lung Cancer; Non-small Cell Carcinoma; Small-cell Lung Cancer; Small Cell Carcinoma",2023-06-13,2025-01-23,MACROGENICS,enzalutamide,,ENZALUTAMIDE,Xtandi,"Astellas Pharma US, Inc.",ORAL,HUMAN PRESCRIPTION DRUG,False,"Other (biotech, private, etc.)"
NCT00047268,European Working Group of MDS in Childhood,cytarabine,PHASE3,UNKNOWN,Leukemia; Myelodysplastic/Myeloproliferative Neoplasms,1998-07-01,,EUROPEAN WORKING GROUP OF MDS IN CHILDHOOD,cytarabine,,CYTARABINE,Cytarabine,Meitheal Pharmaceuticals Inc.,INTRAVENOUS,HUMAN PRESCRIPTION DRUG,False,"Other (biotech, private, etc.)"
NCT00047268,European Working Group of MDS in Childhood,mercaptopurine,PHASE3,UNKNOWN,Leukemia; Myelodysplastic/Myeloproliferative Neoplasms,1998-07-01,,EUROPEAN WORKING GROUP OF MDS IN CHILDHOOD,mercaptopurine,,MERCAPTOPURINE,MERCAPTOPURINE,Hikma Pharmaceuticals USA Inc.,ORAL,HUMAN PRESCRIPTION DRUG,False,"Other (biotech, private, etc.)"
NCT01413568,Polyphor Ltd.,POL6326,PHASE1,COMPLETED,"Acute Myeloid Leukemia in Remission; Adult Acute Lymphoblastic Leukemia in Remission; Chronic Myelogenous Leukemia (CML); Non-Hodgkin's Lymphoma (NHL) or Hodgkin's Disease (HD) in 2nd or Greater Complete Remission, Partial Remission; Chronic Lymphocytic Leukemia (CLL); Multiple Myeloma (MM); Myelodysplastic Syndrome (MDS); Myeloproliferative Disorders",2012-04-01,2015-12-01,POLYPHOR,pol6326,,,,,,,False,"Other (biotech, private, etc.)"
NCT00365391,National Cancer Institute (NCI),erlotinib hydrochloride,PHASE2,COMPLETED,Adult Primary Hepatocellular Carcinoma; Advanced Adult Primary Liver Cancer; Localized Unresectable Adult Primary Liver Cancer; Recurrent Adult Primary Liver Cancer,2006-08-01,2010-06-01,NATIONAL CANCER INSTITUTE NCI,erlotinib,,ERLOTINIB HYDROCHLORIDE,Erlotinib,Armas Pharmaceuticals Inc.,ORAL,HUMAN PRESCRIPTION DRUG,False,Academic / medical / govt
NCT02697591,Incyte Biosciences International Sàrl,INCAGN01876,PHASE1,COMPLETED,Advanced Malignancies; Metastatic Cancer,2016-06-20,2019-12-16,INCYTE BIOSCIENCES INTERNATIONAL SÀRL,incagn01876,,,,,,,False,"Other (biotech, private, etc.)"
NCT07243418,Fujian Cancer Hospital,herombopag olamine tablets,PHASE2,NOT_YET_RECRUITING,CTIT-Chemotherapy Induced Thrombocytopenia; Breast Cancer,2025-11-30,2028-05-30,FUJIAN CANCER HOSPITAL,herombopag olamine tablets,,,,,,,False,Academic / medical / govt
NCT03515018,First Affiliated Hospital of Harbin Medical University,hydroxyurea,PHASE3,UNKNOWN,"Leukemia, Chronic Myeloid",2018-05-01,2020-05-01,FIRST AFFILIATED HOSPITAL OF HARBIN MEDICAL UNIVERSITY,hydroxyurea,,HYDROXYUREA,HYDROXYUREA,"Golden State Medical Supply, Inc.",ORAL,HUMAN PRESCRIPTION DRUG,False,Academic / medical / govt
NCT03515018,First Affiliated Hospital of Harbin Medical University,Imatinib,PHASE3,UNKNOWN,"Leukemia, Chronic Myeloid",2018-05-01,2020-05-01,FIRST AFFILIATED HOSPITAL OF HARBIN MEDICAL UNIVERSITY,imatinib,,IMATINIB MESYLATE,Imatinib Mesylate,Apotex Corp,ORAL,HUMAN PRESCRIPTION DRUG,False,Academic / medical / govt
NCT03823118,Taizhou Hospital,S1/Anlotinib,PHASE2,COMPLETED,Small Cell Lung Cancer Recurrent,2019-03-01,2021-04-17,TAIZHOU HOSPITAL,s1 anlotinib,,,,,,,False,Academic / medical / govt
NCT07008118,Incyte Corporation,INCA035784,PHASE1,RECRUITING,Myeloproliferative Neoplasms,2025-10-01,2029-12-14,INCYTE,inca035784,INCY,,,,,,True,Public pharma
NCT06898385,Sun Yat-sen University,Fludarabine,PHASE1,RECRUITING,Pancreatic Cancer,2025-03-27,2027-09-27,SUN YAT SEN UNIVERSITY,fludarabine,,FLUDARABINE PHOSPHATE,Fludarabine Phosphate,"Lannett Company, Inc.",INTRAVENOUS,HUMAN PRESCRIPTION DRUG,False,Academic / medical / govt
NCT06898385,Sun Yat-sen University,Cyclophosphamide,PHASE1,RECRUITING,Pancreatic Cancer,2025-03-27,2027-09-27,SUN YAT SEN UNIVERSITY,cyclophosphamide,,CYCLOPHOSPHAMIDE,CYCLOPHOSPHAMIDE,"XGen Pharmaceuticals DJB, Inc.",INTRAVENOUS,HUMAN PRESCRIPTION DRUG,False,Academic / medical / govt
NCT01044485,Centre Georges Francois Leclerc,lapatinib,PHASE1,COMPLETED,Metastatic Breast Cancer,2008-11-01,,CENTRE GEORGES FRANCOIS LECLERC,lapatinib,,LAPATINIB,Lapatinib,AvKARE,ORAL,HUMAN PRESCRIPTION DRUG,False,"Other (biotech, private, etc.)"
NCT01044485,Centre Georges Francois Leclerc,docetaxel,PHASE1,COMPLETED,Metastatic Breast Cancer,2008-11-01,,CENTRE GEORGES FRANCOIS LECLERC,docetaxel,,DOCETAXEL ANHYDROUS,Docetaxel,"Hospira, Inc.",INTRAVENOUS,HUMAN PRESCRIPTION DRUG,False,"Other (biotech, private, etc.)"
NCT05132985,Liaoning Cancer Hospital & Institute,Icotinib,PHASE2,NOT_YET_RECRUITING,NSCLC; EGF-R Positive Non-Small Cell Lung Cancer,2022-01-01,2028-01-01,LIAONING CANCER HOSPITAL INSTITUTE,icotinib,,,,,,,False,Academic / medical / govt
NCT05132985,Liaoning Cancer Hospital & Institute,Cisplatin,PHASE2,NOT_YET_RECRUITING,NSCLC; EGF-R Positive Non-Small Cell Lung Cancer,2022-01-01,2028-01-01,LIAONING CANCER HOSPITAL INSTITUTE,cisplatin,,CISPLATIN,Cisplatin,Sagent Pharmaceuticals,INTRAVENOUS,HUMAN PRESCRIPTION DRUG,False,Academic / medical / govt
NCT05132985,Liaoning Cancer Hospital & Institute,Carboplatin,PHASE2,NOT_YET_RECRUITING,NSCLC; EGF-R Positive Non-Small Cell Lung Cancer,2022-01-01,2028-01-01,LIAONING CANCER HOSPITAL INSTITUTE,carboplatin,,CARBOPLATIN,CARBOPLATIN,Apotex Corp.,INTRAVENOUS,HUMAN PRESCRIPTION DRUG,False,Academic / medical / govt
NCT05132985,Liaoning Cancer Hospital & Institute,Pemetrexed,PHASE2,NOT_YET_RECRUITING,NSCLC; EGF-R Positive Non-Small Cell Lung Cancer,2022-01-01,2028-01-01,LIAONING CANCER HOSPITAL INSTITUTE,pemetrexed,,PEMETREXED DISODIUM,PEMRYDI RTU,Amneal Pharmaceuticals LLC,INTRAVENOUS,HUMAN PRESCRIPTION DRUG,False,Academic / medical / govt
NCT04144855,"Chia Tai Tianqing Pharmaceutical Group Co., Ltd.",TQB3474 injection,PHASE1,UNKNOWN,Advanced Solid Tumor,2018-11-27,2021-05-30,CHIA TAI TIANQING PHARMACEUTICAL GROUP,tqb3474,,,,,,,False,"Other (biotech, private, etc.)"
NCT00964743,H. Lee Moffitt Cancer Center and Research Institute,DepoCyt,NA,TERMINATED,Neoplastic Meningitis,2009-08-01,2011-02-01,H LEE MOFFITT CANCER CENTER AND RESEARCH INSTITUTE,depocyt,,,,,,,False,Academic / medical / govt
NCT00964743,H. Lee Moffitt Cancer Center and Research Institute,Sorafenib,NA,TERMINATED,Neoplastic Meningitis,2009-08-01,2011-02-01,H LEE MOFFITT CANCER CENTER AND RESEARCH INSTITUTE,sorafenib,,SORAFENIB,sorafenib,"Yabao Pharmaceutical Co., Ltd. Beijing",ORAL,HUMAN PRESCRIPTION DRUG,False,Academic / medical / govt
NCT03665285,"NextCure, Inc.",NC318,PHASE1,COMPLETED,Advanced or Metastatic Solid Tumors; Lung Cancer; Breast Cancer; Head and Neck Squamous Cell Carcinoma; Endometrial Cancer; Melanoma; CRC; Urothelial Carcinoma; Cholangiocarcinoma,2018-10-01,2023-04-11,NEXTCURE,nc318,,,,,,,False,"Other (biotech, private, etc.)"
NCT00136526,University of Washington,Docetaxel and Diethylstilbestrol (DES),PHASE2,COMPLETED,Prostate Cancer,2002-12-01,2007-10-01,UNIVERSITY OF WASHINGTON,docetaxel and diethylstilbestrol des,,,,,,,False,Academic / medical / govt
NCT02761915,Cancer Research UK,Cyclophosphamide,PHASE1,COMPLETED,Relapsed or Refractory Neuroblastoma,2016-02-29,2020-12-16,CANCER RESEARCH UK,cyclophosphamide,,CYCLOPHOSPHAMIDE,CYCLOPHOSPHAMIDE,"XGen Pharmaceuticals DJB, Inc.",INTRAVENOUS,HUMAN PRESCRIPTION DRUG,False,Academic / medical / govt
NCT02761915,Cancer Research UK,Fludarabine,PHASE1,COMPLETED,Relapsed or Refractory Neuroblastoma,2016-02-29,2020-12-16,CANCER RESEARCH UK,fludarabine,,FLUDARABINE PHOSPHATE,Fludarabine Phosphate,"Lannett Company, Inc.",INTRAVENOUS,HUMAN PRESCRIPTION DRUG,False,Academic / medical / govt
NCT06931808,First Affiliated Hospital of Ningbo University,Sintilimab plus Chemotherapy,PHASE4,ENROLLING_BY_INVITATION,Localized Advanced Rectal Adenocarcinoma,2025-03-01,2028-08-01,FIRST AFFILIATED HOSPITAL OF NINGBO UNIVERSITY,sintilimab plus chemotherapy,,,,,,,False,Academic / medical / govt
NCT06931808,First Affiliated Hospital of Ningbo University,Intestinal microbiota capsules,PHASE4,ENROLLING_BY_INVITATION,Localized Advanced Rectal Adenocarcinoma,2025-03-01,2028-08-01,FIRST AFFILIATED HOSPITAL OF NINGBO UNIVERSITY,intestinal microbiota capsules,,,,,,,False,Academic / medical / govt
NCT04104776,Novartis Pharmaceuticals,Tulmimetostat,PHASE1,RECRUITING,"Advanced Solid Tumor; Diffuse Large B Cell Lymphoma; Lymphoma, T-Cell; Mesothelioma, Malignant; Prostatic Neoplasms, Castration-Resistant; Endometrial Cancer; Ovarian Clear Cell Carcinoma; Metastatic Castration-resistant Prostate Cancer",2019-09-18,2030-02-27,NOVARTIS PHARMACEUTICALS,tulmimetostat,NVS,,,,,,True,Public pharma
NCT04104776,Novartis Pharmaceuticals,Enzalutamide,PHASE1,RECRUITING,"Advanced Solid Tumor; Diffuse Large B Cell Lymphoma; Lymphoma, T-Cell; Mesothelioma, Malignant; Prostatic Neoplasms, Castration-Resistant; Endometrial Cancer; Ovarian Clear Cell Carcinoma; Metastatic Castration-resistant Prostate Cancer",2019-09-18,2030-02-27,NOVARTIS PHARMACEUTICALS,enzalutamide,NVS,ENZALUTAMIDE,Xtandi,"Astellas Pharma US, Inc.",ORAL,HUMAN PRESCRIPTION DRUG,True,Public pharma
NCT01496976,H. Lee Moffitt Cancer Center and Research Institute,High Dose Methylprednisolone (HDMP),PHASE2,COMPLETED,Chronic Lymphocytic Leukemia; Small Lymphocytic Lymphoma,2012-03-30,2024-09-11,H LEE MOFFITT CANCER CENTER AND RESEARCH INSTITUTE,high dose methylprednisolone hdmp,,,,,,,False,Academic / medical / govt
NCT01496976,H. Lee Moffitt Cancer Center and Research Institute,Ofatumumab,PHASE2,COMPLETED,Chronic Lymphocytic Leukemia; Small Lymphocytic Lymphoma,2012-03-30,2024-09-11,H LEE MOFFITT CANCER CENTER AND RESEARCH INSTITUTE,ofatumumab,,OFATUMUMAB,KESIMPTA,Novartis Pharmaceuticals Corporation,SUBCUTANEOUS,HUMAN PRESCRIPTION DRUG,False,Academic / medical / govt
NCT01496976,H. Lee Moffitt Cancer Center and Research Institute,Lenalidomide,PHASE2,COMPLETED,Chronic Lymphocytic Leukemia; Small Lymphocytic Lymphoma,2012-03-30,2024-09-11,H LEE MOFFITT CANCER CENTER AND RESEARCH INSTITUTE,lenalidomide,,LENALIDOMIDE,Lenalidomide,"Teva Pharmaceuticals, Inc.",ORAL,HUMAN PRESCRIPTION DRUG,False,Academic / medical / govt
NCT02721576,Shandong Cancer Hospital and Institute,Sodium Glycididazole,PHASE4,TERMINATED,Esophageal Neoplasms,2016-07-05,2018-07-30,SHANDONG CANCER HOSPITAL AND INSTITUTE,glycididazole,,,,,,,False,Academic / medical / govt
NCT02171676,Boehringer Ingelheim,Docetaxel,PHASE1,COMPLETED,Neoplasms,2005-05-01,,BOEHRINGER INGELHEIM,docetaxel,,DOCETAXEL ANHYDROUS,Docetaxel,"Hospira, Inc.",INTRAVENOUS,HUMAN PRESCRIPTION DRUG,False,"Other (biotech, private, etc.)"
NCT02171676,Boehringer Ingelheim,BIBW 2992,PHASE1,COMPLETED,Neoplasms,2005-05-01,,BOEHRINGER INGELHEIM,bibw 2992,,,,,,,False,"Other (biotech, private, etc.)"
NCT00255476,AstraZeneca,gefitinib,PHASE2,COMPLETED,Squamous Cell Cancer; Cancer of Head and Neck,2004-02-01,2007-07-01,ASTRAZENECA,gefitinib,AZN,GEFITINIB,Gefitinib,"Qilu Pharmaceutical Co., Ltd.",ORAL,HUMAN PRESCRIPTION DRUG,True,Public pharma
NCT00255476,AstraZeneca,cisplatin,PHASE2,COMPLETED,Squamous Cell Cancer; Cancer of Head and Neck,2004-02-01,2007-07-01,ASTRAZENECA,cisplatin,AZN,CISPLATIN,Cisplatin,Sagent Pharmaceuticals,INTRAVENOUS,HUMAN PRESCRIPTION DRUG,True,Public pharma
NCT00255476,AstraZeneca,5-flourouracil,PHASE2,COMPLETED,Squamous Cell Cancer; Cancer of Head and Neck,2004-02-01,2007-07-01,ASTRAZENECA,5-flourouracil,AZN,,,,,,True,Public pharma
NCT02898376,Institut de Cancérologie de Lorraine,Pentoxifylline,PHASE3,UNKNOWN,Breast Carcinoma; Fibrosis,2018-12-01,2021-12-01,INSTITUT DE CANCÉROLOGIE DE LORRAINE,pentoxifylline,,PENTOXIFYLLINE,PENTOXIFYLLINE,Apotex Corp.,ORAL,HUMAN PRESCRIPTION DRUG,False,"Other (biotech, private, etc.)"
NCT02898376,Institut de Cancérologie de Lorraine,Tocopherol acetate,PHASE3,UNKNOWN,Breast Carcinoma; Fibrosis,2018-12-01,2021-12-01,INSTITUT DE CANCÉROLOGIE DE LORRAINE,tocopherol,,"ASCORBIC ACID, CHOLECALCIFEROL, .ALPHA.-TOCOPHEROL ACETATE, DL-, PYRIDOXINE, FOLIC ACID, CYANOCOBALAMIN, CALCIUM, FERROUS FUMARATE, MAGNESIUM, DOCONEXENT",PNV-DHA,"Acella Pharmaceuticals, LLC",ORAL,HUMAN PRESCRIPTION DRUG,False,"Other (biotech, private, etc.)"
NCT04483076,Chinese PLA General Hospital,Chemotherapy drug,PHASE3,RECRUITING,Gastric Cancer; Chemotherapy Effect,2021-01-13,2028-12-01,CHINE PLA GENERAL HOSPITAL,chemotherapy drug,,,,,,,False,Academic / medical / govt
NCT00090376,Eisai Inc.,GPI 1485,PHASE2,COMPLETED,Impotence; Prostate Cancer,2003-12-01,,EISAI,gpi 1485,,,,,,,False,"Other (biotech, private, etc.)"
NCT06067776,Jonathan Riess,Osimertinib,PHASE1,NOT_YET_RECRUITING,Metastatic Lung Non-Small Cell Carcinoma; Recurrent Lung Non-Small Cell Carcinoma; Stage IV Lung Cancer AJCC v8,2024-01-01,2026-11-01,JONATHAN RIESS,osimertinib,,OSIMERTINIB,TAGRISSO,AstraZeneca Pharmaceuticals LP,ORAL,HUMAN PRESCRIPTION DRUG,False,"Other (biotech, private, etc.)"
NCT06067776,Jonathan Riess,Tucatinib,PHASE1,NOT_YET_RECRUITING,Metastatic Lung Non-Small Cell Carcinoma; Recurrent Lung Non-Small Cell Carcinoma; Stage IV Lung Cancer AJCC v8,2024-01-01,2026-11-01,JONATHAN RIESS,tucatinib,,TUCATINIB,TUKYSA,SEAGEN INC.,ORAL,HUMAN PRESCRIPTION DRUG,False,"Other (biotech, private, etc.)"
NCT00280176,UNC Lineberger Comprehensive Cancer Center,bortezomib,PHASE1,COMPLETED,Colorectal Cancer,2003-04-01,2010-09-01,UNC LINEBERGER COMPREHENSIVE CANCER CENTER,bortezomib,,BORTEZOMIB,Bortezomib,"Camber Pharmaceuticals, Inc.",INTRAVENOUS,HUMAN PRESCRIPTION DRUG,False,Academic / medical / govt
NCT00280176,UNC Lineberger Comprehensive Cancer Center,fluorouracil,PHASE1,COMPLETED,Colorectal Cancer,2003-04-01,2010-09-01,UNC LINEBERGER COMPREHENSIVE CANCER CENTER,fluorouracil,,FLUOROURACIL,FLUOROURACIL,Mayne Pharma Inc.,TOPICAL,HUMAN PRESCRIPTION DRUG,False,Academic / medical / govt
NCT04214717,Yantai Yuhuangding Hospital,Chemotherapy,NA,UNKNOWN,Solid Tumor,2019-12-31,2024-12-31,YANTAI YUHUANGDING HOSPITAL,chemotherapy,,,,,,,False,Academic / medical / govt
NCT05691517,National Cancer Institute (NCI),pH Low Insertion Peptide-exatecan Conjugate CBX-12,PHASE1,RECRUITING,Advanced Malignant Solid Neoplasm; Metastatic Malignant Solid Neoplasm,2024-06-12,2026-10-15,NATIONAL CANCER INSTITUTE NCI,ph low insertion peptide-exatecan conjugate cbx-12,,,,,,,False,Academic / medical / govt
NCT01375140,M.D. Anderson Cancer Center,Ruxolitinib,PHASE2,COMPLETED,Myeloproliferative Diseases,2011-09-22,2018-09-05,M D ANDERSON CANCER CENTER,ruxolitinib,,RUXOLITINIB,OPZELURA,Incyte Corporation,TOPICAL,HUMAN PRESCRIPTION DRUG,False,Academic / medical / govt
NCT01375140,M.D. Anderson Cancer Center,Lenalidomide,PHASE2,COMPLETED,Myeloproliferative Diseases,2011-09-22,2018-09-05,M D ANDERSON CANCER CENTER,lenalidomide,,LENALIDOMIDE,Lenalidomide,"Teva Pharmaceuticals, Inc.",ORAL,HUMAN PRESCRIPTION DRUG,False,Academic / medical / govt
NCT01375140,M.D. Anderson Cancer Center,Prednisone,PHASE2,COMPLETED,Myeloproliferative Diseases,2011-09-22,2018-09-05,M D ANDERSON CANCER CENTER,prednisone,,PREDNISONE,PredniSONE,A-S Medication Solutions,ORAL,HUMAN PRESCRIPTION DRUG,False,Academic / medical / govt
NCT02482740,Buddhist Tzu Chi General Hospital,Letrozole,PHASE2,UNKNOWN,Uterine Cervical Neoplasms,2015-05-01,2017-06-01,BUDDHIST TZU CHI GENERAL HOSPITAL,letrozole,,LETROZOLE,Letrozole,A-S Medication Solutions,ORAL,HUMAN PRESCRIPTION DRUG,False,Academic / medical / govt
NCT02482740,Buddhist Tzu Chi General Hospital,tamoxifen,PHASE2,UNKNOWN,Uterine Cervical Neoplasms,2015-05-01,2017-06-01,BUDDHIST TZU CHI GENERAL HOSPITAL,tamoxifen,,TAMOXIFEN CITRATE,SOLTAMOX,Mayne Pharma,ORAL,HUMAN PRESCRIPTION DRUG,False,Academic / medical / govt
NCT04787289,British Columbia Cancer Agency,Bevacizumab,PHASE2,RECRUITING,Ovarian Cancer; Platinum-resistant Ovarian Cancer,2021-09-10,2025-01-31,BRITISH COLUMBIA CANCER AGENCY,bevacizumab,,BEVACIZUMAB-AWWB,MVASI,"Amgen, Inc",INTRAVENOUS,HUMAN PRESCRIPTION DRUG,False,"Other (biotech, private, etc.)"
NCT05737368,"Second Affiliated Hospital, School of Medicine, Zhejiang University",cadonilimab,PHASE1,UNKNOWN,Recurrent Glioblastoma,2023-02-28,2025-02-28,SECOND AFFILIATED HOSPITAL SCHOOL OF MEDICINE ZHEJIANG UNIVERSITY,cadonilimab,,,,,,,False,Academic / medical / govt
NCT00065468,Pfizer,Interferon Alfa,PHASE3,COMPLETED,"Carcinoma, Renal Cell; Kidney Neoplasms",2003-07-01,2011-03-01,PFIZER,interferon alfa,PFE,,,,,,True,Public pharma
NCT00065468,Pfizer,CCI-779,PHASE3,COMPLETED,"Carcinoma, Renal Cell; Kidney Neoplasms",2003-07-01,2011-03-01,PFIZER,cci-779,PFE,,,,,,True,Public pharma
NCT00065468,Pfizer,Interferon Alfa and CCI-779,PHASE3,COMPLETED,"Carcinoma, Renal Cell; Kidney Neoplasms",2003-07-01,2011-03-01,PFIZER,interferon alfa and cci-779,PFE,,,,,,True,Public pharma
NCT00054691,M.D. Anderson Cancer Center,Iressa,PHASE2,COMPLETED,Skin Cancer,2004-05-01,2012-10-01,M D ANDERSON CANCER CENTER,iressa,,GEFITINIB,IRESSA,AstraZeneca Pharmaceuticals LP,ORAL,HUMAN PRESCRIPTION DRUG,False,Academic / medical / govt
NCT05305885,The First Hospital of Jilin University,Pemetrexed,NA,UNKNOWN,Leptomeningeal Metastasis,2022-08-19,2024-07-01,THE FIRST HOSPITAL OF JILIN UNIVERSITY,pemetrexed,,PEMETREXED DISODIUM,PEMRYDI RTU,Amneal Pharmaceuticals LLC,INTRAVENOUS,HUMAN PRESCRIPTION DRUG,False,Academic / medical / govt
NCT05813626,Zhejiang Cancer Hospital,Toripalimab,PHASE2,RECRUITING,Nasopharyngeal Carcinoma,2023-04-03,2027-10-30,ZHEJIANG CANCER HOSPITAL,toripalimab,,TORIPALIMAB-TPZI,LOQTORZI,"Coherus Oncology, Inc.",INTRAVENOUS,HUMAN PRESCRIPTION DRUG,False,Academic / medical / govt
NCT01092585,Genta Incorporated,Tesetaxel,PHASE2,UNKNOWN,Melanoma,2010-02-01,2012-03-01,GENTA,tesetaxel,,,,,,,False,"Other (biotech, private, etc.)"
NCT05054426,Peking Union Medical College Hospital,Methotrexate,PHASE3,UNKNOWN,Diffuse Large B Cell Lymphoma; Central Nervous System Lymphoma,2021-10-08,2025-10-08,PEKING UNION MEDICAL COLLEGE HOSPITAL,methotrexate,,METHOTREXATE,METHOTREXATE,Alembic Pharmaceuticals Inc.,ORAL,HUMAN PRESCRIPTION DRUG,False,Academic / medical / govt
NCT00652626,Celgene,azacitidine,PHASE1,COMPLETED,MDS; AML; Solid Tumors; Multiple Myeloma; Non-Hodgkin's Lymphoma; Hodgkin's Disease,2008-11-01,2012-07-01,CELGENE,azacitidine,,AZACITIDINE FOR,AZACITIDINE,Pilnova Pharma Inc,INTRAVENOUS,HUMAN PRESCRIPTION DRUG,False,"Other (biotech, private, etc.)"
NCT00006026,European Organisation for Research and Treatment of Cancer - EORTC,rubitecan,PHASE2,COMPLETED,Bladder Cancer; Transitional Cell Cancer of the Renal Pelvis and Ureter; Urethral Cancer,2000-05-01,,EUROPEAN ORGANISATION FOR RESEARCH AND TREATMENT OF CANCER EORTC,rubitecan,,,,,,,False,"Other (biotech, private, etc.)"
NCT01317615,Novartis Pharmaceuticals,RAD001,PHASE4,COMPLETED,"Carcinoma, Large Cell; Neuroendocrine Tumors",2011-04-01,2015-03-01,NOVARTIS PHARMACEUTICALS,rad001,NVS,,,,,,True,Public pharma
NCT01317615,Novartis Pharmaceuticals,Paclitaxel,PHASE4,COMPLETED,"Carcinoma, Large Cell; Neuroendocrine Tumors",2011-04-01,2015-03-01,NOVARTIS PHARMACEUTICALS,paclitaxel,NVS,PACLITAXEL,Paclitaxel,Alembic Pharmaceuticals Inc.,INTRAVENOUS,HUMAN PRESCRIPTION DRUG,True,Public pharma
NCT01317615,Novartis Pharmaceuticals,Carboplatin,PHASE4,COMPLETED,"Carcinoma, Large Cell; Neuroendocrine Tumors",2011-04-01,2015-03-01,NOVARTIS PHARMACEUTICALS,carboplatin,NVS,CARBOPLATIN,CARBOPLATIN,Apotex Corp.,INTRAVENOUS,HUMAN PRESCRIPTION DRUG,True,Public pharma
NCT00698815,National Cancer Institute (NCI),Pemetrexed Disodium,PHASE2,COMPLETED,Recurrent Non-Small Cell Lung Carcinoma; Stage IIIB Non-Small Cell Lung Cancer AJCC v7; Stage IV Non-Small Cell Lung Cancer AJCC v7,2008-04-15,,NATIONAL CANCER INSTITUTE NCI,pemetrexed disodium,,PEMETREXED DISODIUM,PEMRYDI RTU,Amneal Pharmaceuticals LLC,INTRAVENOUS,HUMAN PRESCRIPTION DRUG,False,Academic / medical / govt
NCT00698815,National Cancer Institute (NCI),Sunitinib Malate,PHASE2,COMPLETED,Recurrent Non-Small Cell Lung Carcinoma; Stage IIIB Non-Small Cell Lung Cancer AJCC v7; Stage IV Non-Small Cell Lung Cancer AJCC v7,2008-04-15,,NATIONAL CANCER INSTITUTE NCI,sunitinib malate,,SUNITINIB MALATE,Sunitinib Malate,Novugen Pharma (USA) LLC.,ORAL,HUMAN PRESCRIPTION DRUG,False,Academic / medical / govt
NCT05911308,UNC Lineberger Comprehensive Cancer Center,Durvalumab,PHASE1,TERMINATED,Non-Small Cell Lung Cancer,2024-04-01,2025-02-27,UNC LINEBERGER COMPREHENSIVE CANCER CENTER,durvalumab,,DURVALUMAB,IMFINZI,AstraZeneca Pharmaceuticals LP,INTRAVENOUS,HUMAN PRESCRIPTION DRUG,False,Academic / medical / govt
NCT05911308,UNC Lineberger Comprehensive Cancer Center,Carboplatin,PHASE1,TERMINATED,Non-Small Cell Lung Cancer,2024-04-01,2025-02-27,UNC LINEBERGER COMPREHENSIVE CANCER CENTER,carboplatin,,CARBOPLATIN,CARBOPLATIN,Apotex Corp.,INTRAVENOUS,HUMAN PRESCRIPTION DRUG,False,Academic / medical / govt
NCT05911308,UNC Lineberger Comprehensive Cancer Center,Abequolixron,PHASE1,TERMINATED,Non-Small Cell Lung Cancer,2024-04-01,2025-02-27,UNC LINEBERGER COMPREHENSIVE CANCER CENTER,abequolixron,,,,,,,False,Academic / medical / govt
NCT05911308,UNC Lineberger Comprehensive Cancer Center,Abraxane,PHASE1,TERMINATED,Non-Small Cell Lung Cancer,2024-04-01,2025-02-27,UNC LINEBERGER COMPREHENSIVE CANCER CENTER,abraxane,,PACLITAXEL,ABRAXANE,"Abraxis BioScience, LLC",INTRAVENOUS,HUMAN PRESCRIPTION DRUG,False,Academic / medical / govt
NCT05911308,UNC Lineberger Comprehensive Cancer Center,Pemetrexed,PHASE1,TERMINATED,Non-Small Cell Lung Cancer,2024-04-01,2025-02-27,UNC LINEBERGER COMPREHENSIVE CANCER CENTER,pemetrexed,,PEMETREXED DISODIUM,PEMRYDI RTU,Amneal Pharmaceuticals LLC,INTRAVENOUS,HUMAN PRESCRIPTION DRUG,False,Academic / medical / govt
NCT01646125,Novartis Pharmaceuticals,AUY922,PHASE2,TERMINATED,Advanced Non Small Cell Lung Cancer (NSCLC),2012-11-23,2015-11-04,NOVARTIS PHARMACEUTICALS,auy922,NVS,,,,,,True,Public pharma
NCT01646125,Novartis Pharmaceuticals,Docetaxel,PHASE2,TERMINATED,Advanced Non Small Cell Lung Cancer (NSCLC),2012-11-23,2015-11-04,NOVARTIS PHARMACEUTICALS,docetaxel,NVS,DOCETAXEL ANHYDROUS,Docetaxel,"Hospira, Inc.",INTRAVENOUS,HUMAN PRESCRIPTION DRUG,True,Public pharma
NCT01646125,Novartis Pharmaceuticals,Pemetrexed,PHASE2,TERMINATED,Advanced Non Small Cell Lung Cancer (NSCLC),2012-11-23,2015-11-04,NOVARTIS PHARMACEUTICALS,pemetrexed,NVS,PEMETREXED DISODIUM,PEMRYDI RTU,Amneal Pharmaceuticals LLC,INTRAVENOUS,HUMAN PRESCRIPTION DRUG,True,Public pharma
NCT07128576,Zhujiang Hospital,Romiplostim N01,PHASE2,NOT_YET_RECRUITING,Solid Tumors,2025-09-15,2028-12-31,ZHUJIANG HOSPITAL,romiplostim n01,,,,,,,False,Academic / medical / govt
NCT00003717,St. Barnabas Medical Center,estramustine phosphate sodium,PHASE2,UNKNOWN,Prostate Cancer,1998-10-01,,ST BARNABAS MEDICAL CENTER,estramustine,,,,,,,False,Academic / medical / govt
NCT00003717,St. Barnabas Medical Center,paclitaxel,PHASE2,UNKNOWN,Prostate Cancer,1998-10-01,,ST BARNABAS MEDICAL CENTER,paclitaxel,,PACLITAXEL,Paclitaxel,Alembic Pharmaceuticals Inc.,INTRAVENOUS,HUMAN PRESCRIPTION DRUG,False,Academic / medical / govt
NCT03776968,Hinova Pharmaceuticals Inc.,HC1119,PHASE1,COMPLETED,Metastatic Castration Resistant Prostate Cancer,2017-10-24,2018-07-03,HINOVA PHARMACEUTICALS,hc1119,,,,,,,False,"Other (biotech, private, etc.)"
NCT04278768,"Curis, Inc.",Emavusertib,PHASE1,SUSPENDED,Acute Myelogenous Leukemia; Myelodysplastic Syndrome,2020-07-06,2026-04-01,CURIS,emavusertib,,,,,,,False,"Other (biotech, private, etc.)"
NCT04278768,"Curis, Inc.",Venetoclax,PHASE1,SUSPENDED,Acute Myelogenous Leukemia; Myelodysplastic Syndrome,2020-07-06,2026-04-01,CURIS,venetoclax,,VENETOCLAX,Venclexta,AbbVie Inc.,ORAL,HUMAN PRESCRIPTION DRUG,False,"Other (biotech, private, etc.)"
NCT06755450,Aurigene Discovery Technologies Limited,AUR112,PHASE1,RECRUITING,Relapsed Advanced Lymphomas,2025-01-15,2028-01-15,AURIGENE DISCOVERY TECHNOLOGIES,aur112,,,,,,,False,"Other (biotech, private, etc.)"
NCT04596150,CytomX Therapeutics,CX-2009,PHASE2,COMPLETED,"Neoplasms; Breast Neoplasms; Breast Neoplasms, Triple-Negative; Breast Cancer; Breast Neoplasms, Hormone Receptor Positive/HER2 Negative",2020-12-29,2023-06-02,CYTOMX THERAPEUTICS,cx-2009,,,,,,,False,"Other (biotech, private, etc.)"
NCT04596150,CytomX Therapeutics,CX-072,PHASE2,COMPLETED,"Neoplasms; Breast Neoplasms; Breast Neoplasms, Triple-Negative; Breast Cancer; Breast Neoplasms, Hormone Receptor Positive/HER2 Negative",2020-12-29,2023-06-02,CYTOMX THERAPEUTICS,cx-072,,,,,,,False,"Other (biotech, private, etc.)"
NCT00704691,University of Alabama at Birmingham,Lenalidomide,EARLY_PHASE1,TERMINATED,Peripheral T-cell Lymphomas; Adult T-cell Leukemia; Adult T-cell Lymphoma; Peripheral T-cell Lymphoma Unspecified; Angioimmunoblastic T-cell Lymphoma; Anaplastic Large Cell Lymphoma; T/Null Cell Systemic Type; Cutaneous t-Cell Lymphoma With Nodal/Visceral Disease,2008-06-01,2009-12-01,UNIVERSITY OF ALABAMA AT BIRMINGHAM,lenalidomide,,LENALIDOMIDE,Lenalidomide,"Teva Pharmaceuticals, Inc.",ORAL,HUMAN PRESCRIPTION DRUG,False,Academic / medical / govt
NCT06982274,Instituto do Cancer do Estado de São Paulo,Realgar-Indigo Naturalis Formulation,PHASE2,RECRUITING,Acute Promyelocytic Leukemia (APL),2023-10-20,2029-11-01,INSTITUTO DO CANCER DO ESTADO DE SÃO PAULO,realgar-indigo naturalis formulation,,,,,,,False,"Other (biotech, private, etc.)"
NCT00782574,AstraZeneca,AZD2281,PHASE1,COMPLETED,Advanced Solid Tumors,2008-11-12,2023-12-07,ASTRAZENECA,azd2281,AZN,,,,,,True,Public pharma
NCT00782574,AstraZeneca,Cisplatin,PHASE1,COMPLETED,Advanced Solid Tumors,2008-11-12,2023-12-07,ASTRAZENECA,cisplatin,AZN,CISPLATIN,Cisplatin,Sagent Pharmaceuticals,INTRAVENOUS,HUMAN PRESCRIPTION DRUG,True,Public pharma
NCT07046078,Fred Hutchinson Cancer Center,Cytarabine,PHASE2,RECRUITING,Acute Leukemia of Ambiguous Lineage; Acute Myeloid Leukemia; Chronic Myelomonocytic Leukemia; Myelodysplastic Syndrome,2025-09-26,2029-06-30,FRED HUTCHINSON CANCER CENTER,cytarabine,,CYTARABINE,Cytarabine,Meitheal Pharmaceuticals Inc.,INTRAVENOUS,HUMAN PRESCRIPTION DRUG,False,Academic / medical / govt
NCT07046078,Fred Hutchinson Cancer Center,Fludarabine,PHASE2,RECRUITING,Acute Leukemia of Ambiguous Lineage; Acute Myeloid Leukemia; Chronic Myelomonocytic Leukemia; Myelodysplastic Syndrome,2025-09-26,2029-06-30,FRED HUTCHINSON CANCER CENTER,fludarabine,,FLUDARABINE PHOSPHATE,Fludarabine Phosphate,"Lannett Company, Inc.",INTRAVENOUS,HUMAN PRESCRIPTION DRUG,False,Academic / medical / govt
NCT07046078,Fred Hutchinson Cancer Center,Idarubicin,PHASE2,RECRUITING,Acute Leukemia of Ambiguous Lineage; Acute Myeloid Leukemia; Chronic Myelomonocytic Leukemia; Myelodysplastic Syndrome,2025-09-26,2029-06-30,FRED HUTCHINSON CANCER CENTER,idarubicin,,IDARUBICIN HYDROCHLORIDE,Idamycin PFS,Pfizer Laboratories Div Pfizer Inc,INTRAVENOUS,HUMAN PRESCRIPTION DRUG,False,Academic / medical / govt
NCT02608385,University of Chicago,Pembrolizumab,PHASE1,ACTIVE_NOT_RECRUITING,Solid Tumor,2015-12-01,2026-11-01,UNIVERSITY OF CHICAGO,pembrolizumab,,PEMBROLIZUMAB AND BERAHYALURONIDASE ALFA-PMPH,KEYTRUDA QLEX,Merck Sharp & Dohme LLC,SUBCUTANEOUS,HUMAN PRESCRIPTION DRUG,False,Academic / medical / govt
NCT01158885,Therapeutic Advances in Childhood Leukemia Consortium,Clofarabine,PHASE2,TERMINATED,"Minimal Residual Disease; Leukemia, Lymphoblastic, Acute; Leukemia, Myelogenous, Acute",2010-08-01,2012-10-24,THERAPEUTIC ADVANCES IN CHILDHOOD LEUKEMIA CONSORTIUM,clofarabine,,CLOFARABINE,Clofarabine,Amneal Pharmaceuticals LLC,INTRAVENOUS,HUMAN PRESCRIPTION DRUG,False,"Other (biotech, private, etc.)"
NCT01158885,Therapeutic Advances in Childhood Leukemia Consortium,Cytarabine intravenous,PHASE2,TERMINATED,"Minimal Residual Disease; Leukemia, Lymphoblastic, Acute; Leukemia, Myelogenous, Acute",2010-08-01,2012-10-24,THERAPEUTIC ADVANCES IN CHILDHOOD LEUKEMIA CONSORTIUM,cytarabine intravenous,,,,,,,False,"Other (biotech, private, etc.)"
NCT01158885,Therapeutic Advances in Childhood Leukemia Consortium,Methotrexate,PHASE2,TERMINATED,"Minimal Residual Disease; Leukemia, Lymphoblastic, Acute; Leukemia, Myelogenous, Acute",2010-08-01,2012-10-24,THERAPEUTIC ADVANCES IN CHILDHOOD LEUKEMIA CONSORTIUM,methotrexate,,METHOTREXATE,METHOTREXATE,Alembic Pharmaceuticals Inc.,ORAL,HUMAN PRESCRIPTION DRUG,False,"Other (biotech, private, etc.)"
NCT01158885,Therapeutic Advances in Childhood Leukemia Consortium,Intrathecal (IT) Cytarabine,PHASE2,TERMINATED,"Minimal Residual Disease; Leukemia, Lymphoblastic, Acute; Leukemia, Myelogenous, Acute",2010-08-01,2012-10-24,THERAPEUTIC ADVANCES IN CHILDHOOD LEUKEMIA CONSORTIUM,intrathecal it cytarabine,,,,,,,False,"Other (biotech, private, etc.)"
NCT04470726,"AiViva BioPharma, Inc.",AIV001,PHASE1,COMPLETED,Superficial Basal Cell Carcinoma; Nodular Basal Cell Carcinoma; Nonmelanoma Skin Cancers,2020-08-18,2023-07-28,AIVIVA BIOPHARMA,aiv001,,,,,,,False,"Other (biotech, private, etc.)"
NCT04470726,"AiViva BioPharma, Inc.",AIV001 suspension,PHASE1,COMPLETED,Superficial Basal Cell Carcinoma; Nodular Basal Cell Carcinoma; Nonmelanoma Skin Cancers,2020-08-18,2023-07-28,AIVIVA BIOPHARMA,aiv001 suspension,,,,,,,False,"Other (biotech, private, etc.)"
NCT03213678,National Cancer Institute (NCI),Samotolisib,PHASE2,COMPLETED,Advanced Malignant Solid Neoplasm; Ann Arbor Stage III Non-Hodgkin Lymphoma; Ann Arbor Stage IV Non-Hodgkin Lymphoma; Malignant Glioma; Recurrent Ependymoma; Recurrent Ewing Sarcoma; Recurrent Glioma; Recurrent Hepatoblastoma; Recurrent Langerhans Cell Histiocytosis; Recurrent Malignant Germ Cell Tumor; Recurrent Malignant Solid Neoplasm; Recurrent Medulloblastoma; Recurrent Neuroblastoma; Recurrent Non-Hodgkin Lymphoma; Recurrent Osteosarcoma; Recurrent Peripheral Primitive Neuroectodermal Tumor; Recurrent Primary Central Nervous System Neoplasm; Recurrent Rhabdomyosarcoma; Recurrent Soft Tissue Sarcoma; Refractory Langerhans Cell Histiocytosis; Refractory Malignant Germ Cell Tumor; Refractory Malignant Solid Neoplasm; Refractory Neuroblastoma; Refractory Non-Hodgkin Lymphoma; Refractory Primary Central Nervous System Neoplasm; Rhabdoid Tumor; Stage III Osteosarcoma AJCC v7; Stage III Soft Tissue Sarcoma AJCC v7; Stage IV Osteosarcoma AJCC v7; Stage IV Soft Tissue Sarcoma AJCC v7; Stage IVA Osteosarcoma AJCC v7; Stage IVB Osteosarcoma AJCC v7; Wilms Tumor,2017-11-28,2024-12-31,NATIONAL CANCER INSTITUTE NCI,samotolisib,,,,,,,False,Academic / medical / govt
NCT00003626,Barbara Ann Karmanos Cancer Institute,dolastatin 10,PHASE2,COMPLETED,Prostate Cancer,1998-10-01,2000-05-01,BARBARA ANN KARMANOS CANCER INSTITUTE,dolastatin 10,,,,,,,False,Academic / medical / govt
NCT06385678,"Jiangsu HengRui Medicine Co., Ltd.",HRS-4642,PHASE1,ACTIVE_NOT_RECRUITING,Advanced KRAS G12D Mutant Solid Tumors,2024-07-05,2026-08-01,JIANGSU HENGRUI MEDICINE,hrs-4642,,,,,,,False,"Other (biotech, private, etc.)"
NCT06385678,"Jiangsu HengRui Medicine Co., Ltd.",Adebrelimab,PHASE1,ACTIVE_NOT_RECRUITING,Advanced KRAS G12D Mutant Solid Tumors,2024-07-05,2026-08-01,JIANGSU HENGRUI MEDICINE,adebrelimab,,,,,,,False,"Other (biotech, private, etc.)"
NCT06385678,"Jiangsu HengRui Medicine Co., Ltd.",SHR-9839,PHASE1,ACTIVE_NOT_RECRUITING,Advanced KRAS G12D Mutant Solid Tumors,2024-07-05,2026-08-01,JIANGSU HENGRUI MEDICINE,shr-9839,,,,,,,False,"Other (biotech, private, etc.)"
NCT06385678,"Jiangsu HengRui Medicine Co., Ltd.",Pemetrexed Disodium for Injection、Cisplatin Injection、Carboplatin for Injection,PHASE1,ACTIVE_NOT_RECRUITING,Advanced KRAS G12D Mutant Solid Tumors,2024-07-05,2026-08-01,JIANGSU HENGRUI MEDICINE,pemetrexed disodium for cisplatin carboplatin for,,,,,,,False,"Other (biotech, private, etc.)"
NCT06385678,"Jiangsu HengRui Medicine Co., Ltd.",Cetuximab Solution for Infusion,PHASE1,ACTIVE_NOT_RECRUITING,Advanced KRAS G12D Mutant Solid Tumors,2024-07-05,2026-08-01,JIANGSU HENGRUI MEDICINE,cetuximab solution for infusion,,,,,,,False,"Other (biotech, private, etc.)"
NCT00068315,National Cancer Institute (NCI),bortezomib,PHASE1,COMPLETED,Extranodal Marginal Zone B-cell Lymphoma of Mucosa-associated Lymphoid Tissue; Hematopoietic/Lymphoid Cancer; Nodal Marginal Zone B-cell Lymphoma; Recurrent Adult Diffuse Small Cleaved Cell Lymphoma; Recurrent Grade 1 Follicular Lymphoma; Recurrent Grade 2 Follicular Lymphoma; Recurrent Mantle Cell Lymphoma; Recurrent Marginal Zone Lymphoma; Recurrent Small Lymphocytic Lymphoma; Refractory Chronic Lymphocytic Leukemia; Splenic Marginal Zone Lymphoma; Waldenström Macroglobulinemia,2003-07-01,,NATIONAL CANCER INSTITUTE NCI,bortezomib,,BORTEZOMIB,Bortezomib,"Camber Pharmaceuticals, Inc.",INTRAVENOUS,HUMAN PRESCRIPTION DRUG,False,Academic / medical / govt
NCT00068315,National Cancer Institute (NCI),fludarabine phosphate,PHASE1,COMPLETED,Extranodal Marginal Zone B-cell Lymphoma of Mucosa-associated Lymphoid Tissue; Hematopoietic/Lymphoid Cancer; Nodal Marginal Zone B-cell Lymphoma; Recurrent Adult Diffuse Small Cleaved Cell Lymphoma; Recurrent Grade 1 Follicular Lymphoma; Recurrent Grade 2 Follicular Lymphoma; Recurrent Mantle Cell Lymphoma; Recurrent Marginal Zone Lymphoma; Recurrent Small Lymphocytic Lymphoma; Refractory Chronic Lymphocytic Leukemia; Splenic Marginal Zone Lymphoma; Waldenström Macroglobulinemia,2003-07-01,,NATIONAL CANCER INSTITUTE NCI,fludarabine,,FLUDARABINE PHOSPHATE,Fludarabine Phosphate,"Lannett Company, Inc.",INTRAVENOUS,HUMAN PRESCRIPTION DRUG,False,Academic / medical / govt
NCT01234935,Translational Oncology Research International,dasatinib,PHASE2,COMPLETED,Acinar Cell Adenocarcinoma of the Pancreas; Duct Cell Adenocarcinoma of the Pancreas; Recurrent Pancreatic Cancer; Stage IA Pancreatic Cancer; Stage IB Pancreatic Cancer; Stage IIA Pancreatic Cancer; Stage IIB Pancreatic Cancer; Stage III Pancreatic Cancer,2011-01-13,2017-11-27,TRANSLATIONAL ONCOLOGY RESEARCH INTERNATIONAL,dasatinib,,DASATINIB,Dasatinib,BluePoint Laboratories,ORAL,HUMAN PRESCRIPTION DRUG,False,"Other (biotech, private, etc.)"
NCT01234935,Translational Oncology Research International,gemcitabine hydrochloride,PHASE2,COMPLETED,Acinar Cell Adenocarcinoma of the Pancreas; Duct Cell Adenocarcinoma of the Pancreas; Recurrent Pancreatic Cancer; Stage IA Pancreatic Cancer; Stage IB Pancreatic Cancer; Stage IIA Pancreatic Cancer; Stage IIB Pancreatic Cancer; Stage III Pancreatic Cancer,2011-01-13,2017-11-27,TRANSLATIONAL ONCOLOGY RESEARCH INTERNATIONAL,gemcitabine,,GEMCITABINE HYDROCHLORIDE,Gemcitabine,Mylan Institutional LLC,INTRAVENOUS,HUMAN PRESCRIPTION DRUG,False,"Other (biotech, private, etc.)"
NCT04584008,Peking University,"FGFR Inhibitor, IDH1 Inhibitor, HER2 Inhibitor, PARP Inhibitor, BRAF Inhibitor, MEK Inhibitor, ICIs, EGFR-TKIs, NTRK-TKI, and et. al.",NA,ACTIVE_NOT_RECRUITING,Biliary Tract Neoplasms; Gastric Cancer; Esophageal Squamous Cell Carcinoma; Colorectal Cancer; Gastrointestinal Stromal Tumors; Pancreatic Cancer; Neuroendocrine Tumors; Unknown Primary Cancer; Digestive Cancer,2020-09-23,2025-03-01,PEKING UNIVERSITY,fgfr inhibitor idh1 inhibitor her2 inhibitor parp inhibitor braf inhibitor mek inhibitor icis egfr-tkis ntrk-tki and et al,,,,,,,False,Academic / medical / govt
NCT04584008,Peking University,Other Therapy,NA,ACTIVE_NOT_RECRUITING,Biliary Tract Neoplasms; Gastric Cancer; Esophageal Squamous Cell Carcinoma; Colorectal Cancer; Gastrointestinal Stromal Tumors; Pancreatic Cancer; Neuroendocrine Tumors; Unknown Primary Cancer; Digestive Cancer,2020-09-23,2025-03-01,PEKING UNIVERSITY,other therapy,,,,,,,False,Academic / medical / govt
NCT07410117,Regeneron Pharmaceuticals,REGN7508,PHASE3,RECRUITING,Cancer-Associated Thrombosis (CAT),2026-03-09,2030-05-06,REGENERON PHARMACEUTICALS,regn7508,REGN,,,,,,True,Public pharma
NCT07410117,Regeneron Pharmaceuticals,Placebo,PHASE3,RECRUITING,Cancer-Associated Thrombosis (CAT),2026-03-09,2030-05-06,REGENERON PHARMACEUTICALS,placebo,REGN,,,,,,True,Public pharma
NCT01691040,TME Pharma AG,NOX-H94,PHASE2,COMPLETED,Anemia of Chronic Disease,2012-09-01,2013-12-01,TME PHARMA,nox-h94,,,,,,,False,"Other (biotech, private, etc.)"
NCT01691040,TME Pharma AG,Placebo solution,PHASE2,COMPLETED,Anemia of Chronic Disease,2012-09-01,2013-12-01,TME PHARMA,placebo solution,,,,,,,False,"Other (biotech, private, etc.)"
NCT01244789,Danish Gynecological Cancer Group,carboplatin and paclitaxel,PHASE2,ACTIVE_NOT_RECRUITING,Endometrial Cancer,2011-12-01,2028-07-01,DANISH GYNECOLOGICAL CANCER GROUP,carboplatin and paclitaxel,,,,,,,False,"Other (biotech, private, etc.)"
NCT02878889,Zhejiang Cancer Hospital,S-1,PHASE2,UNKNOWN,Nasopharyngeal Carcinoma,2016-08-01,,ZHEJIANG CANCER HOSPITAL,s-1,,,,,,,False,Academic / medical / govt
NCT04772989,"Arcus Biosciences, Inc.",AB308,PHASE1,COMPLETED,"Advanced Solid Tumor; Non Small Cell Lung Cancer (NSCLC); Melanoma; Cervical Cancer; Multiple Myeloma; Lymphoma, Non-Hodgkin; Diffuse Large B Cell Lymphoma (DLBCL); Gastric Cancer; Gastroesophageal Junction Adenocarcinoma; Esophageal Cancer",2021-03-19,2025-08-25,ARCUS BIOSCIENCES,ab308,,,,,,,False,"Other (biotech, private, etc.)"
NCT04772989,"Arcus Biosciences, Inc.",Zimberelimab,PHASE1,COMPLETED,"Advanced Solid Tumor; Non Small Cell Lung Cancer (NSCLC); Melanoma; Cervical Cancer; Multiple Myeloma; Lymphoma, Non-Hodgkin; Diffuse Large B Cell Lymphoma (DLBCL); Gastric Cancer; Gastroesophageal Junction Adenocarcinoma; Esophageal Cancer",2021-03-19,2025-08-25,ARCUS BIOSCIENCES,zimberelimab,,,,,,,False,"Other (biotech, private, etc.)"
NCT00274989,German CLL Study Group,Bendamustine,PHASE2,COMPLETED,Chronic Lymphocytic Leukemia,2005-11-01,2011-03-01,GERMAN CLL STUDY GROUP,bendamustine,,BENDAMUSTINE HYDROCHLORIDE,Bendamustine Hydrochloride,Apotex Corp,INTRAVENOUS,HUMAN PRESCRIPTION DRUG,False,"Other (biotech, private, etc.)"
NCT03724968,Elizabeth Davis,Nivolumab,PHASE2,TERMINATED,Metastatic Melanoma; Advanced Melanoma; Metastatic Melanoma Stratified by MHC-II Expression,2019-01-17,2020-05-28,ELIZABETH DAVIS,nivolumab,,NIVOLUMAB AND HYALURONIDASE-NVHY,OPDIVO QVANTIG,"E.R. Squibb & Sons, L.L.C.",SUBCUTANEOUS,HUMAN PRESCRIPTION DRUG,False,"Other (biotech, private, etc.)"
NCT03724968,Elizabeth Davis,Relatlimab,PHASE2,TERMINATED,Metastatic Melanoma; Advanced Melanoma; Metastatic Melanoma Stratified by MHC-II Expression,2019-01-17,2020-05-28,ELIZABETH DAVIS,relatlimab,,NIVOLUMAB AND RELATLIMAB-RMBW,OPDUALAG,"E.R. Squibb & Sons, L.L.C.",INTRAVENOUS,HUMAN PRESCRIPTION DRUG,False,"Other (biotech, private, etc.)"
NCT03724968,Elizabeth Davis,Ipilimumab,PHASE2,TERMINATED,Metastatic Melanoma; Advanced Melanoma; Metastatic Melanoma Stratified by MHC-II Expression,2019-01-17,2020-05-28,ELIZABETH DAVIS,ipilimumab,,IPILIMUMAB,YERVOY,"E.R. Squibb & Sons, L.L.C.",INTRAVENOUS,HUMAN PRESCRIPTION DRUG,False,"Other (biotech, private, etc.)"
NCT06223568,National Cancer Institute (NCI),Docetaxel,PHASE2,RECRUITING,Squamous Cell Carcinoma of the Head and Neck; Oropharynx; Human Papillomavirus Viruses; Drug Therapy; Cancer Vaccine,2024-06-10,2028-01-10,NATIONAL CANCER INSTITUTE NCI,docetaxel,,DOCETAXEL ANHYDROUS,Docetaxel,"Hospira, Inc.",INTRAVENOUS,HUMAN PRESCRIPTION DRUG,False,Academic / medical / govt
NCT06223568,National Cancer Institute (NCI),Cisplatin,PHASE2,RECRUITING,Squamous Cell Carcinoma of the Head and Neck; Oropharynx; Human Papillomavirus Viruses; Drug Therapy; Cancer Vaccine,2024-06-10,2028-01-10,NATIONAL CANCER INSTITUTE NCI,cisplatin,,CISPLATIN,Cisplatin,Sagent Pharmaceuticals,INTRAVENOUS,HUMAN PRESCRIPTION DRUG,False,Academic / medical / govt
NCT06223568,National Cancer Institute (NCI),PRGN-2009,PHASE2,RECRUITING,Squamous Cell Carcinoma of the Head and Neck; Oropharynx; Human Papillomavirus Viruses; Drug Therapy; Cancer Vaccine,2024-06-10,2028-01-10,NATIONAL CANCER INSTITUTE NCI,prgn-2009,,,,,,,False,Academic / medical / govt
NCT05472350,Jianxing He,Breztri Aerosphere,NA,UNKNOWN,"Lung Cancer, Nonsmall Cell; Perioperative; Cough; Drug Effect; Drug Toxicity",2022-08-01,2023-11-01,JIANXING HE,breztri aerosphere,,,,,,,False,"Other (biotech, private, etc.)"
NCT04840784,Shengke Pharmaceuticals Pty Ltd,ETH-155008,PHASE1,TERMINATED,NHL; Leukemia,2021-06-29,2023-05-02,SHENGKE PHARMACEUTICALS PTY,eth-155008,,,,,,,False,"Other (biotech, private, etc.)"
NCT01106352,Bayer,"Radium-223 dichloride (Xofigo, BAY88-8223)",PHASE1,COMPLETED,Bone Metastases; Castration-Resistant Prostate Cancer,2010-07-01,2015-06-01,BAYER,radium-223 dichloride xofigo bay88-8223,BAYRY,,,,,,True,Public pharma
NCT01106352,Bayer,Docetaxel,PHASE1,COMPLETED,Bone Metastases; Castration-Resistant Prostate Cancer,2010-07-01,2015-06-01,BAYER,docetaxel,BAYRY,DOCETAXEL ANHYDROUS,Docetaxel,"Hospira, Inc.",INTRAVENOUS,HUMAN PRESCRIPTION DRUG,True,Public pharma
NCT03211052,Centre of Experimental Medicine,TAK-700 and LHRH agonist,PHASE2,TERMINATED,Prostate Cancer,2013-02-18,2015-06-02,CENTRE OF EXPERIMENTAL MEDICINE,tak-700 and lhrh agonist,,,,,,,False,"Other (biotech, private, etc.)"
NCT03135652,"Union Hospital, Tongji Medical College, Huazhong University of Science and Technology",Chemotherapy,PHASE2,WITHDRAWN,Radiotherapy; Colorectal Cancer; Liver Metastases,2017-08-01,2023-06-01,UNION HOSPITAL TONGJI MEDICAL COLLEGE HUAZHONG UNIVERSITY OF SCIENCE AND TECHNOLOGY,chemotherapy,,,,,,,False,Academic / medical / govt
NCT00901147,Singapore General Hospital,panobinostat and bortezomib,PHASE2,COMPLETED,Peripheral T-cell Lymphoma (Not Otherwise Specified); Angioimmunoblastic T-cell Lymphoma; Extranodal NK/T-cell Lymphoma Nasal Type; Enteropathy- Type T-cell Lymphoma; Hepatosplenic T-cell Lymphoma; Anaplastic Large Cell Lymphoma (ALCL) (ALK-1 Negative); Relapsed ALCL (ALK-1 Positive) Post Autologous Transplant,2009-11-01,2014-01-01,SINGAPORE GENERAL HOSPITAL,panobinostat and bortezomib,,,,,,,False,Academic / medical / govt
NCT01281852,National Cancer Institute (NCI),Cisplatin,PHASE1,COMPLETED,"Cervical Adenocarcinoma; Cervical Adenosquamous Carcinoma; Cervical Squamous Cell Carcinoma, Not Otherwise Specified; Recurrent Cervical Carcinoma; Stage IVB Cervical Cancer AJCC v6 and v7",2011-03-14,2017-02-11,NATIONAL CANCER INSTITUTE NCI,cisplatin,,CISPLATIN,Cisplatin,Sagent Pharmaceuticals,INTRAVENOUS,HUMAN PRESCRIPTION DRUG,False,Academic / medical / govt
NCT01281852,National Cancer Institute (NCI),Paclitaxel,PHASE1,COMPLETED,"Cervical Adenocarcinoma; Cervical Adenosquamous Carcinoma; Cervical Squamous Cell Carcinoma, Not Otherwise Specified; Recurrent Cervical Carcinoma; Stage IVB Cervical Cancer AJCC v6 and v7",2011-03-14,2017-02-11,NATIONAL CANCER INSTITUTE NCI,paclitaxel,,PACLITAXEL,Paclitaxel,Alembic Pharmaceuticals Inc.,INTRAVENOUS,HUMAN PRESCRIPTION DRUG,False,Academic / medical / govt
NCT01281852,National Cancer Institute (NCI),Veliparib,PHASE1,COMPLETED,"Cervical Adenocarcinoma; Cervical Adenosquamous Carcinoma; Cervical Squamous Cell Carcinoma, Not Otherwise Specified; Recurrent Cervical Carcinoma; Stage IVB Cervical Cancer AJCC v6 and v7",2011-03-14,2017-02-11,NATIONAL CANCER INSTITUTE NCI,veliparib,,,,,,,False,Academic / medical / govt
NCT04546347,AstraZeneca,AZD9833 film-coated tablet A Dose 1,PHASE1,COMPLETED,Healthy Volunteers,2020-09-17,2021-01-07,ASTRAZENECA,azd9833 film-coated a dose 1,AZN,,,,,,True,Public pharma
NCT04546347,AstraZeneca,AZD9833 Oral Solution,PHASE1,COMPLETED,Healthy Volunteers,2020-09-17,2021-01-07,ASTRAZENECA,azd9833 oral solution,AZN,,,,,,True,Public pharma
NCT04546347,AstraZeneca,AZD9833 film-coated tablet B Dose 1,PHASE1,COMPLETED,Healthy Volunteers,2020-09-17,2021-01-07,ASTRAZENECA,azd9833 film-coated b dose 1,AZN,,,,,,True,Public pharma
NCT04546347,AstraZeneca,AZD9833 film-coated tablet A Dose 2,PHASE1,COMPLETED,Healthy Volunteers,2020-09-17,2021-01-07,ASTRAZENECA,azd9833 film-coated a dose 2,AZN,,,,,,True,Public pharma
NCT04546347,AstraZeneca,AZD9833 film-coated tablet B Dose 2,PHASE1,COMPLETED,Healthy Volunteers,2020-09-17,2021-01-07,ASTRAZENECA,azd9833 film-coated b dose 2,AZN,,,,,,True,Public pharma
NCT04263584,University Hospital Muenster,Copanlisib,PHASE2,UNKNOWN,Diffuse Large B Cell Lymphoma,2020-06-19,2025-04-01,UNIVERSITY HOSPITAL MUENSTER,copanlisib,,,,,,,False,Academic / medical / govt
NCT04263584,University Hospital Muenster,R-CHOP Chemotherapy,PHASE2,UNKNOWN,Diffuse Large B Cell Lymphoma,2020-06-19,2025-04-01,UNIVERSITY HOSPITAL MUENSTER,r-chop chemotherapy,,,,,,,False,Academic / medical / govt
NCT01776684,Samsung Medical Center,"EGFR TKIs (gefitinib, erlotinib, afatinib, et al)",NA,UNKNOWN,EGFR Mutation Positive Non-small Cell Lung Cancer,2012-06-01,2015-05-01,SAMSUNG MEDICAL CENTER,egfr tkis gefitinib erlotinib afatinib et al,,,,,,,False,Academic / medical / govt
NCT06422533,Instituto Nacional de Cancerologia de Mexico,Ceftolozane/tazobactam,NA,RECRUITING,Hematologic Neoplasms; Neutropenia,2023-11-07,2025-08-30,INSTITUTO NACIONAL DE CANCEROLOGIA DE MEXI,ceftolozane tazobactam,,,,,,,False,"Other (biotech, private, etc.)"
NCT06422533,Instituto Nacional de Cancerologia de Mexico,Piperacillin/tazobactam,NA,RECRUITING,Hematologic Neoplasms; Neutropenia,2023-11-07,2025-08-30,INSTITUTO NACIONAL DE CANCEROLOGIA DE MEXI,piperacillin tazobactam,,"PIPERACILLIN SODIUM, TAZOBACTAM SODIUM","Piperacillin, Tazobactam",Sagent Pharmaceuticals,INTRAVENOUS,HUMAN PRESCRIPTION DRUG,False,"Other (biotech, private, etc.)"
NCT00420849,Celgene Corporation,Lenalidomide,PHASE3,COMPLETED,Multiple Myeloma,2006-11-01,2009-11-01,CELGENE,lenalidomide,,LENALIDOMIDE,Lenalidomide,"Teva Pharmaceuticals, Inc.",ORAL,HUMAN PRESCRIPTION DRUG,False,"Other (biotech, private, etc.)"
NCT00420849,Celgene Corporation,Dexamethasone,PHASE3,COMPLETED,Multiple Myeloma,2006-11-01,2009-11-01,CELGENE,dexamethasone,,DEXAMETHASONE,Dexamethasone,"Advanced Rx Pharmacy of Tennessee, LLC",ORAL,HUMAN PRESCRIPTION DRUG,False,"Other (biotech, private, etc.)"
NCT00003249,National Cancer Institute (NCI),carboxyamidotriazole,PHASE1,COMPLETED,"Unspecified Adult Solid Tumor, Protocol Specific",1998-05-01,,NATIONAL CANCER INSTITUTE NCI,carboxyamidotriazole,,,,,,,False,Academic / medical / govt
NCT00003249,National Cancer Institute (NCI),chemotherapy,PHASE1,COMPLETED,"Unspecified Adult Solid Tumor, Protocol Specific",1998-05-01,,NATIONAL CANCER INSTITUTE NCI,chemotherapy,,,,,,,False,Academic / medical / govt
NCT00003249,National Cancer Institute (NCI),ketoconazole,PHASE1,COMPLETED,"Unspecified Adult Solid Tumor, Protocol Specific",1998-05-01,,NATIONAL CANCER INSTITUTE NCI,ketoconazole,,KETOCONAZOLE,Ketoconazole,"ANI Pharmaceuticals, Inc.",TOPICAL,HUMAN PRESCRIPTION DRUG,False,Academic / medical / govt
NCT04060849,Fred Hutchinson Cancer Center,Nozin,PHASE1,TERMINATED,Hematopoietic and Lymphoid Cell Neoplasm; Malignant Solid Neoplasm; Solid Neoplasm,2019-09-03,2020-04-12,FRED HUTCHINSON CANCER CENTER,nozin,,ALCOHOL,Nozin Nasal Sanitizer (Antiseptic),Global Life Technologies Corp.,NASAL,HUMAN OTC DRUG,False,Academic / medical / govt
NCT00309049,R-Pharm,Ixabepilone,PHASE1,COMPLETED,Cancer,2006-04-01,2007-05-01,R PHARM,ixabepilone,,IXABEPILONE,IXEMPRA,"R-Pharm US Operating, LLC",INTRAVENOUS,HUMAN PRESCRIPTION DRUG,False,"Other (biotech, private, etc.)"
NCT01462149,Asan Medical Center,Neoadjuvant chemotherapy,PHASE2,COMPLETED,Advanced Ovarian Cancer,2011-10-01,2016-06-01,ASAN MEDICAL CENTER,neoadjuvant chemotherapy,,,,,,,False,Academic / medical / govt
NCT01462149,Asan Medical Center,Carboplatin,PHASE2,COMPLETED,Advanced Ovarian Cancer,2011-10-01,2016-06-01,ASAN MEDICAL CENTER,carboplatin,,CARBOPLATIN,CARBOPLATIN,Apotex Corp.,INTRAVENOUS,HUMAN PRESCRIPTION DRUG,False,Academic / medical / govt
NCT06057038,Genmab,Pembrolizumab,PHASE1,ACTIVE_NOT_RECRUITING,Malignant Solid Tumor,2023-11-24,2026-11-28,GENMAB,pembrolizumab,,PEMBROLIZUMAB AND BERAHYALURONIDASE ALFA-PMPH,KEYTRUDA QLEX,Merck Sharp & Dohme LLC,SUBCUTANEOUS,HUMAN PRESCRIPTION DRUG,False,"Other (biotech, private, etc.)"
NCT06057038,Genmab,Cisplatin,PHASE1,ACTIVE_NOT_RECRUITING,Malignant Solid Tumor,2023-11-24,2026-11-28,GENMAB,cisplatin,,CISPLATIN,Cisplatin,Sagent Pharmaceuticals,INTRAVENOUS,HUMAN PRESCRIPTION DRUG,False,"Other (biotech, private, etc.)"
NCT06057038,Genmab,Carboplatin,PHASE1,ACTIVE_NOT_RECRUITING,Malignant Solid Tumor,2023-11-24,2026-11-28,GENMAB,carboplatin,,CARBOPLATIN,CARBOPLATIN,Apotex Corp.,INTRAVENOUS,HUMAN PRESCRIPTION DRUG,False,"Other (biotech, private, etc.)"
NCT06057038,Genmab,5-Fluorouracil,PHASE1,ACTIVE_NOT_RECRUITING,Malignant Solid Tumor,2023-11-24,2026-11-28,GENMAB,5-fluorouracil,,,,,,,False,"Other (biotech, private, etc.)"
NCT06023758,Peking University,KN026,PHASE2,RECRUITING,HER2-positive Locally Advanced Resectable Gastric Cancer,2023-09-22,2026-12-31,PEKING UNIVERSITY,kn026,,,,,,,False,Academic / medical / govt
NCT06023758,Peking University,KN046,PHASE2,RECRUITING,HER2-positive Locally Advanced Resectable Gastric Cancer,2023-09-22,2026-12-31,PEKING UNIVERSITY,kn046,,,,,,,False,Academic / medical / govt
NCT06023758,Peking University,XELOX,PHASE2,RECRUITING,HER2-positive Locally Advanced Resectable Gastric Cancer,2023-09-22,2026-12-31,PEKING UNIVERSITY,xelox,,,,,,,False,Academic / medical / govt
NCT03445858,"Children's Hospital Medical Center, Cincinnati",Pembrolizumab,EARLY_PHASE1,COMPLETED,Childhood Solid Tumor; Childhood Lymphoma; Relapsed Cancer; Refractory Cancer; Adult Solid Tumor; Adult Lymphoma,2018-02-12,2023-11-07,CHILDREN S HOSPITAL MEDICAL CENTER CINCINNATI,pembrolizumab,,PEMBROLIZUMAB AND BERAHYALURONIDASE ALFA-PMPH,KEYTRUDA QLEX,Merck Sharp & Dohme LLC,SUBCUTANEOUS,HUMAN PRESCRIPTION DRUG,False,Academic / medical / govt
NCT03445858,"Children's Hospital Medical Center, Cincinnati",Decitabine,EARLY_PHASE1,COMPLETED,Childhood Solid Tumor; Childhood Lymphoma; Relapsed Cancer; Refractory Cancer; Adult Solid Tumor; Adult Lymphoma,2018-02-12,2023-11-07,CHILDREN S HOSPITAL MEDICAL CENTER CINCINNATI,decitabine,,DECITABINE,Decitabine,BluePoint Laboratories,INTRAVENOUS,HUMAN PRESCRIPTION DRUG,False,Academic / medical / govt
NCT00129558,"Spectrum Pharmaceuticals, Inc",PT-523 for Injection,PHASE1,WITHDRAWN,Leukemia,2005-07-01,2011-09-01,SPECTRUM PHARMACEUTICALS,pt-523 for,,,,,,,False,"Other (biotech, private, etc.)"
NCT05463848,"L. Nicolas Gonzalez Castro, MD, PhD",Pembrolizumab,PHASE2,RECRUITING,Glioblastoma; Recurrent Glioblastoma,2022-10-21,2027-03-01,L NICOLAS GONZALEZ CASTRO MD PHD,pembrolizumab,,PEMBROLIZUMAB AND BERAHYALURONIDASE ALFA-PMPH,KEYTRUDA QLEX,Merck Sharp & Dohme LLC,SUBCUTANEOUS,HUMAN PRESCRIPTION DRUG,False,"Other (biotech, private, etc.)"
NCT05463848,"L. Nicolas Gonzalez Castro, MD, PhD",Olaparib,PHASE2,RECRUITING,Glioblastoma; Recurrent Glioblastoma,2022-10-21,2027-03-01,L NICOLAS GONZALEZ CASTRO MD PHD,olaparib,,OLAPARIB,Lynparza,AstraZeneca Pharmaceuticals LP,ORAL,HUMAN PRESCRIPTION DRUG,False,"Other (biotech, private, etc.)"
NCT05463848,"L. Nicolas Gonzalez Castro, MD, PhD",Temozolomide,PHASE2,RECRUITING,Glioblastoma; Recurrent Glioblastoma,2022-10-21,2027-03-01,L NICOLAS GONZALEZ CASTRO MD PHD,temozolomide,,TEMOZOLOMIDE,TEMODAR,Merck Sharp & Dohme LLC,ORAL,HUMAN PRESCRIPTION DRUG,False,"Other (biotech, private, etc.)"
NCT03435848,BioSight Ltd.,BST-236,PHASE2,COMPLETED,Acute Myeloid Leukemia,2018-08-14,2023-03-16,BIOSIGHT,bst-236,,,,,,,False,"Other (biotech, private, etc.)"
NCT00129155,Hospices Civils de Lyon,treosulfan,PHASE2,UNKNOWN,Hematological Malignancies; Allogeneic Transplantation,2005-02-01,,HOSPICES CIVILS DE LYON,treosulfan,,TREOSULFAN,GRAFAPEX,"Medexus Pharma, Inc.",INTRAVENOUS,HUMAN PRESCRIPTION DRUG,False,"Other (biotech, private, etc.)"
NCT04751955,Korean Cancer Study Group,Olinvacimab added to Capecitabine,PHASE1,WITHDRAWN,Colorectal Cancer Metastatic,2022-01-01,2024-08-31,KOREAN CANCER STUDY GROUP,olinvacimab added to capecitabine,,,,,,,False,"Other (biotech, private, etc.)"
NCT05073484,Bio-Thera Solutions,BAT6021,PHASE1,TERMINATED,Advanced Solid Tumor,2021-10-29,2023-03-30,BIO THERA SOLUTIONS,bat6021,,,,,,,False,"Other (biotech, private, etc.)"
NCT05073484,Bio-Thera Solutions,BAT1308,PHASE1,TERMINATED,Advanced Solid Tumor,2021-10-29,2023-03-30,BIO THERA SOLUTIONS,bat1308,,,,,,,False,"Other (biotech, private, etc.)"
NCT03308604,"Gustave Roussy, Cancer Campus, Grand Paris",Polysiloxane Gd-Chelates based nanoparticles (AGuIX),PHASE1,UNKNOWN,Gynecologic Cancer,2018-05-17,2024-05-01,GUSTAVE ROUSSY CANCER CAMPUS GRAND PARIS,polysiloxane gd-chelates based nanoparticles aguix,,,,,,,False,"Other (biotech, private, etc.)"
NCT03308604,"Gustave Roussy, Cancer Campus, Grand Paris",Chemotherapy (cisplatin),PHASE1,UNKNOWN,Gynecologic Cancer,2018-05-17,2024-05-01,GUSTAVE ROUSSY CANCER CAMPUS GRAND PARIS,chemotherapy cisplatin,,,,,,,False,"Other (biotech, private, etc.)"
NCT02076633,Philogen S.p.A.,L19IL2+L19TNF,PHASE2,COMPLETED,"Malignant Melanoma, Skin",2012-12-01,2015-05-01,PHILOGEN S P A,l19il2 l19tnf,,,,,,,False,"Other (biotech, private, etc.)"
NCT07189884,The First Affiliated Hospital of Xiamen University,Pyrotinib Maleate Tablets + Dalpiciclib Isethionate Tablets + Standard Endocrine,PHASE1,NOT_YET_RECRUITING,Locally Advanced Breast Cancer (LABC),2025-09-23,2028-12-31,THE FIRST AFFILIATED HOSPITAL OF XIAMEN UNIVERSITY,pyrotinib tablets dalpiciclib isethionate tablets standard endocrine,,,,,,,False,Academic / medical / govt
NCT03410784,"National Cancer Institute, Naples",Pembrolizumab,PHASE2,UNKNOWN,Ovarian Cancer,2018-04-01,2024-12-01,NATIONAL CANCER INSTITUTE NAPLES,pembrolizumab,,PEMBROLIZUMAB AND BERAHYALURONIDASE ALFA-PMPH,KEYTRUDA QLEX,Merck Sharp & Dohme LLC,SUBCUTANEOUS,HUMAN PRESCRIPTION DRUG,False,Academic / medical / govt
NCT03410784,"National Cancer Institute, Naples",Paclitaxel,PHASE2,UNKNOWN,Ovarian Cancer,2018-04-01,2024-12-01,NATIONAL CANCER INSTITUTE NAPLES,paclitaxel,,PACLITAXEL,Paclitaxel,Alembic Pharmaceuticals Inc.,INTRAVENOUS,HUMAN PRESCRIPTION DRUG,False,Academic / medical / govt
NCT03410784,"National Cancer Institute, Naples",Carboplatin,PHASE2,UNKNOWN,Ovarian Cancer,2018-04-01,2024-12-01,NATIONAL CANCER INSTITUTE NAPLES,carboplatin,,CARBOPLATIN,CARBOPLATIN,Apotex Corp.,INTRAVENOUS,HUMAN PRESCRIPTION DRUG,False,Academic / medical / govt
NCT02658084,University of Miami,Vinorelbine,PHASE1,TERMINATED,Breast Cancer; Metastatic Breast Cancer,2017-04-12,2018-10-11,UNIVERSITY OF MIAMI,vinorelbine,,VINORELBINE,Vinorelbine,Sagent Pharmaceuticals,INTRAVENOUS,HUMAN PRESCRIPTION DRUG,False,Academic / medical / govt
NCT02658084,University of Miami,Trastuzumab Emtansine,PHASE1,TERMINATED,Breast Cancer; Metastatic Breast Cancer,2017-04-12,2018-10-11,UNIVERSITY OF MIAMI,trastuzumab emtansine,,ADO-TRASTUZUMAB EMTANSINE,KADCYLA,"Genentech, Inc.",INTRAVENOUS,HUMAN PRESCRIPTION DRUG,False,Academic / medical / govt
NCT06859684,West China Hospital,Durvalumab,PHASE2,RECRUITING,Intrahepatic Cholangiocarcinoma (Icc); HAIC; Durvalumab,2025-03-01,2027-03-06,WEST CHINA HOSPITAL,durvalumab,,DURVALUMAB,IMFINZI,AstraZeneca Pharmaceuticals LP,INTRAVENOUS,HUMAN PRESCRIPTION DRUG,False,Academic / medical / govt
NCT06859684,West China Hospital,hepatic arterial infusion chemotherapy (HAIC),PHASE2,RECRUITING,Intrahepatic Cholangiocarcinoma (Icc); HAIC; Durvalumab,2025-03-01,2027-03-06,WEST CHINA HOSPITAL,hepatic arterial infusion chemotherapy haic,,,,,,,False,Academic / medical / govt
NCT06859684,West China Hospital,Lenvatinib,PHASE2,RECRUITING,Intrahepatic Cholangiocarcinoma (Icc); HAIC; Durvalumab,2025-03-01,2027-03-06,WEST CHINA HOSPITAL,lenvatinib,,LENVATINIB,Lenvima,Eisai Inc.,ORAL,HUMAN PRESCRIPTION DRUG,False,Academic / medical / govt
NCT06516133,Sun Yat-sen University,Chemotherapy,PHASE3,RECRUITING,Nasopharyngeal Carcinoma,2024-05-17,2030-12-01,SUN YAT SEN UNIVERSITY,chemotherapy,,,,,,,False,Academic / medical / govt
NCT05736952,"Xinhua Hospital, Shanghai Jiao Tong University School of Medicine",Oral Topotecan Combined With Anlotinib,PHASE2,WITHDRAWN,Platinum-resistant Ovarian Cancer,2023-03-01,2026-02-01,XINHUA HOSPITAL SHANGHAI JIAO TONG UNIVERSITY SCHOOL OF MEDICINE,oral topotecan combined with anlotinib,,,,,,,False,Academic / medical / govt
NCT01917552,Asan Medical Center,capecitabine,PHASE3,RECRUITING,Gastric Cancer,2013-08-19,2026-08-01,ASAN MEDICAL CENTER,capecitabine,,CAPECITABINE,capecitabine,Dr. Reddy's Laboratories Limited,ORAL,HUMAN PRESCRIPTION DRUG,False,Academic / medical / govt
NCT03792347,"Hecheng Li M.D., Ph.D",Pembrolizumab,PHASE1,COMPLETED,Esophageal Squamous Cell Carcinoma,2019-01-21,2020-06-17,HECHENG LI M D PH D,pembrolizumab,,PEMBROLIZUMAB AND BERAHYALURONIDASE ALFA-PMPH,KEYTRUDA QLEX,Merck Sharp & Dohme LLC,SUBCUTANEOUS,HUMAN PRESCRIPTION DRUG,False,"Other (biotech, private, etc.)"
NCT04663347,Genmab,"rituximab, cyclophosphamide, doxorubicin, vincristine, and prednisone",PHASE1,ACTIVE_NOT_RECRUITING,Diffuse Large B-Cell Lymphoma; Follicular Lymphoma,2020-11-03,2027-09-30,GENMAB,rituximab cyclophosphamide doxorubicin vincristine and prednisone,,,,,,,False,"Other (biotech, private, etc.)"
NCT04663347,Genmab,rituximab and lenalidomide,PHASE1,ACTIVE_NOT_RECRUITING,Diffuse Large B-Cell Lymphoma; Follicular Lymphoma,2020-11-03,2027-09-30,GENMAB,rituximab and lenalidomide,,,,,,,False,"Other (biotech, private, etc.)"
NCT04663347,Genmab,rituximab and bendamustine,PHASE1,ACTIVE_NOT_RECRUITING,Diffuse Large B-Cell Lymphoma; Follicular Lymphoma,2020-11-03,2027-09-30,GENMAB,rituximab and bendamustine,,,,,,,False,"Other (biotech, private, etc.)"
NCT04663347,Genmab,"rituximab, cytarabine, dexamethasone, and oxaliplatin/carboplatin",PHASE1,ACTIVE_NOT_RECRUITING,Diffuse Large B-Cell Lymphoma; Follicular Lymphoma,2020-11-03,2027-09-30,GENMAB,rituximab cytarabine dexamethasone and oxaliplatin carboplatin,,,,,,,False,"Other (biotech, private, etc.)"
NCT04663347,Genmab,gemcitabine and oxaliplatin,PHASE1,ACTIVE_NOT_RECRUITING,Diffuse Large B-Cell Lymphoma; Follicular Lymphoma,2020-11-03,2027-09-30,GENMAB,gemcitabine and oxaliplatin,,,,,,,False,"Other (biotech, private, etc.)"
NCT04663347,Genmab,"rituximab, cyclophosphamide, reduced dose of doxorubicin, vincristine, and prednisone",PHASE1,ACTIVE_NOT_RECRUITING,Diffuse Large B-Cell Lymphoma; Follicular Lymphoma,2020-11-03,2027-09-30,GENMAB,rituximab cyclophosphamide reduced dose of doxorubicin vincristine and prednisone,,,,,,,False,"Other (biotech, private, etc.)"
NCT04663347,Genmab,Lenalidomide,PHASE1,ACTIVE_NOT_RECRUITING,Diffuse Large B-Cell Lymphoma; Follicular Lymphoma,2020-11-03,2027-09-30,GENMAB,lenalidomide,,LENALIDOMIDE,Lenalidomide,"Teva Pharmaceuticals, Inc.",ORAL,HUMAN PRESCRIPTION DRUG,False,"Other (biotech, private, etc.)"
NCT04663347,Genmab,"rituximab, ifosfamide, carboplatin, and etoposide phosphate",PHASE1,ACTIVE_NOT_RECRUITING,Diffuse Large B-Cell Lymphoma; Follicular Lymphoma,2020-11-03,2027-09-30,GENMAB,rituximab ifosfamide carboplatin and etoposide,,,,,,,False,"Other (biotech, private, etc.)"
NCT00304447,Wyeth is now a wholly owned subsidiary of Pfizer,Mylotarg,PHASE4,COMPLETED,"Leukemia, Myelocytic, Acute; Infusions, Intravenous",2002-04-01,2004-01-01,WYETH IS NOW A WHOLLY OWNED SUBSIDIARY OF PFIZER,mylotarg,,GEMTUZUMAB OZOGAMICIN,Mylotarg,"Wyeth Pharmaceuticals LLC, a subsidiary of Pfizer Inc.",INTRAVENOUS,HUMAN PRESCRIPTION DRUG,False,"Other (biotech, private, etc.)"
NCT04679038,"Jiangsu HengRui Medicine Co., Ltd.",Famitinib,PHASE1,UNKNOWN,Solid Tumor,2021-03-17,2023-10-01,JIANGSU HENGRUI MEDICINE,famitinib,,,,,,,False,"Other (biotech, private, etc.)"
NCT05679258,Shanghai Henlius Biotech,HLX15,PHASE1,COMPLETED,Multiple Myeloma,2023-01-31,2024-06-28,SHANGHAI HENLIUS BIOTECH,hlx15,,,,,,,False,"Other (biotech, private, etc.)"
NCT05679258,Shanghai Henlius Biotech,US-sourced DARZALEX®,PHASE1,COMPLETED,Multiple Myeloma,2023-01-31,2024-06-28,SHANGHAI HENLIUS BIOTECH,us-sourced darzalex,,,,,,,False,"Other (biotech, private, etc.)"
NCT05679258,Shanghai Henlius Biotech,CN-sourced DARZALEX®,PHASE1,COMPLETED,Multiple Myeloma,2023-01-31,2024-06-28,SHANGHAI HENLIUS BIOTECH,cn-sourced darzalex,,,,,,,False,"Other (biotech, private, etc.)"
NCT05679258,Shanghai Henlius Biotech,EU-sourced DARZALEX®,PHASE1,COMPLETED,Multiple Myeloma,2023-01-31,2024-06-28,SHANGHAI HENLIUS BIOTECH,eu-sourced darzalex,,,,,,,False,"Other (biotech, private, etc.)"
NCT04062058,"Jing Jin, M.D.",S-1,PHASE2,UNKNOWN,Gastric Cancer; Neoadjuvant Therapy,2019-11-20,2023-09-21,JING JIN M D,s-1,,,,,,,False,"Other (biotech, private, etc.)"
NCT04062058,"Jing Jin, M.D.",SOX,PHASE2,UNKNOWN,Gastric Cancer; Neoadjuvant Therapy,2019-11-20,2023-09-21,JING JIN M D,sox,,,,,,,False,"Other (biotech, private, etc.)"
NCT03173248,Institut de Recherches Internationales Servier,AG-120,PHASE3,ACTIVE_NOT_RECRUITING,"Newly Diagnosed Acute Myeloid Leukemia (AML); Untreated AML; AML Arising From Myelodysplastic Syndrome (MDS); Leukemia, Myeloid, Acute",2017-06-26,2026-06-30,INSTITUT DE RECHERCHES INTERNATIONALES SERVIER,ag-120,,,,,,,False,"Other (biotech, private, etc.)"
NCT03173248,Institut de Recherches Internationales Servier,Placebo,PHASE3,ACTIVE_NOT_RECRUITING,"Newly Diagnosed Acute Myeloid Leukemia (AML); Untreated AML; AML Arising From Myelodysplastic Syndrome (MDS); Leukemia, Myeloid, Acute",2017-06-26,2026-06-30,INSTITUT DE RECHERCHES INTERNATIONALES SERVIER,placebo,,,,,,,False,"Other (biotech, private, etc.)"
NCT03173248,Institut de Recherches Internationales Servier,Azacitidine,PHASE3,ACTIVE_NOT_RECRUITING,"Newly Diagnosed Acute Myeloid Leukemia (AML); Untreated AML; AML Arising From Myelodysplastic Syndrome (MDS); Leukemia, Myeloid, Acute",2017-06-26,2026-06-30,INSTITUT DE RECHERCHES INTERNATIONALES SERVIER,azacitidine,,AZACITIDINE FOR,AZACITIDINE,Pilnova Pharma Inc,INTRAVENOUS,HUMAN PRESCRIPTION DRUG,False,"Other (biotech, private, etc.)"
NCT00629148,Fudan University,Vinorelbine and Capecitabine,PHASE2,COMPLETED,"Breast Cancer; Metastasis, Neoplasm",2007-08-01,2010-12-01,FUDAN UNIVERSITY,vinorelbine and capecitabine,,,,,,,False,Academic / medical / govt
NCT00332748,Bristol-Myers Squibb,Oral Taxane,PHASE1,TERMINATED,Cancer,2006-12-01,,BRISTOL MYERS SQUIBB,oral taxane,BMY,,,,,,True,Public pharma
NCT00390455,National Cancer Institute (NCI),Fulvestrant,PHASE3,COMPLETED,Estrogen Receptor Positive; HER2 Positive Breast Carcinoma; HER2/Neu Negative; Progesterone Receptor Positive; Recurrent Breast Carcinoma; Stage IIIB Breast Cancer AJCC v7; Stage IIIC Breast Cancer AJCC v7; Stage IV Breast Cancer AJCC v6 and v7,2006-09-15,2014-07-02,NATIONAL CANCER INSTITUTE NCI,fulvestrant,,FULVESTRANT,Fulvestrant,Meitheal Pharmaceuticals Inc,INTRAMUSCULAR,HUMAN PRESCRIPTION DRUG,False,Academic / medical / govt
NCT00390455,National Cancer Institute (NCI),Lapatinib Ditosylate,PHASE3,COMPLETED,Estrogen Receptor Positive; HER2 Positive Breast Carcinoma; HER2/Neu Negative; Progesterone Receptor Positive; Recurrent Breast Carcinoma; Stage IIIB Breast Cancer AJCC v7; Stage IIIC Breast Cancer AJCC v7; Stage IV Breast Cancer AJCC v6 and v7,2006-09-15,2014-07-02,NATIONAL CANCER INSTITUTE NCI,lapatinib ditosylate,,,,,,,False,Academic / medical / govt
NCT02994784,Boston Medical Center,Propylene Glycol-Free Melphalan Hydrochloride,PHASE2,TERMINATED,Amyloidosis; Systemic,2018-01-08,2022-07-01,BOSTON MEDICAL CENTER,propylene glycol-free melphalan,,,,,,,False,Academic / medical / govt
NCT00346684,University of Cologne,Rituximab,PHASE2,COMPLETED,Lymphocyte Predominant Hodgkin´s Lymphoma (LPHD),2006-07-01,,UNIVERSITY OF COLOGNE,rituximab,,RITUXIMAB AND HYALURONIDASE,Rituxan Hycela,"Genentech, Inc.",SUBCUTANEOUS,HUMAN PRESCRIPTION DRUG,False,Academic / medical / govt
NCT03700333,The First Affiliated Hospital with Nanjing Medical University,S-1 therapy,PHASE3,UNKNOWN,"Carcinoma, Non-Small-Cell Lung",2018-10-20,2019-10-20,THE FIRST AFFILIATED HOSPITAL WITH NANJING MEDICAL UNIVERSITY,s-1 therapy,,,,,,,False,Academic / medical / govt
NCT03700333,The First Affiliated Hospital with Nanjing Medical University,Pemetrexed therapy,PHASE3,UNKNOWN,"Carcinoma, Non-Small-Cell Lung",2018-10-20,2019-10-20,THE FIRST AFFILIATED HOSPITAL WITH NANJING MEDICAL UNIVERSITY,pemetrexed therapy,,,,,,,False,Academic / medical / govt
NCT06531447,"The National Center of Oncology, Azerbaijan",Cisplatin,PHASE2,ACTIVE_NOT_RECRUITING,Breast Cancer,2014-05-01,2027-05-01,THE NATIONAL CENTER OF ONCOLOGY AZERBAIJAN,cisplatin,,CISPLATIN,Cisplatin,Sagent Pharmaceuticals,INTRAVENOUS,HUMAN PRESCRIPTION DRUG,False,"Other (biotech, private, etc.)"
NCT06531447,"The National Center of Oncology, Azerbaijan",Gemcitabine,PHASE2,ACTIVE_NOT_RECRUITING,Breast Cancer,2014-05-01,2027-05-01,THE NATIONAL CENTER OF ONCOLOGY AZERBAIJAN,gemcitabine,,GEMCITABINE HYDROCHLORIDE,Gemcitabine,Mylan Institutional LLC,INTRAVENOUS,HUMAN PRESCRIPTION DRUG,False,"Other (biotech, private, etc.)"
NCT06531447,"The National Center of Oncology, Azerbaijan",Doxorubicin,PHASE2,ACTIVE_NOT_RECRUITING,Breast Cancer,2014-05-01,2027-05-01,THE NATIONAL CENTER OF ONCOLOGY AZERBAIJAN,doxorubicin,,DOXORUBICIN HYDROCHLORIDE,Doxorubicin Hydrochloride,Pfizer Laboratories Div Pfizer Inc,INTRAVENOUS,HUMAN PRESCRIPTION DRUG,False,"Other (biotech, private, etc.)"
NCT06531447,"The National Center of Oncology, Azerbaijan",Cyclophosphamide,PHASE2,ACTIVE_NOT_RECRUITING,Breast Cancer,2014-05-01,2027-05-01,THE NATIONAL CENTER OF ONCOLOGY AZERBAIJAN,cyclophosphamide,,CYCLOPHOSPHAMIDE,CYCLOPHOSPHAMIDE,"XGen Pharmaceuticals DJB, Inc.",INTRAVENOUS,HUMAN PRESCRIPTION DRUG,False,"Other (biotech, private, etc.)"
NCT06531447,"The National Center of Oncology, Azerbaijan",Paclitaxel,PHASE2,ACTIVE_NOT_RECRUITING,Breast Cancer,2014-05-01,2027-05-01,THE NATIONAL CENTER OF ONCOLOGY AZERBAIJAN,paclitaxel,,PACLITAXEL,Paclitaxel,Alembic Pharmaceuticals Inc.,INTRAVENOUS,HUMAN PRESCRIPTION DRUG,False,"Other (biotech, private, etc.)"
NCT03264547,Japan Breast Cancer Research Group,Pertuzumab,PHASE3,COMPLETED,Breast Cancer,2017-08-28,2024-12-31,JAPAN BREAST CANCER RESEARCH GROUP,pertuzumab,,PERTUZUMAB,PERJETA,"Genentech, Inc.",INTRAVENOUS,HUMAN PRESCRIPTION DRUG,False,Academic / medical / govt
NCT03264547,Japan Breast Cancer Research Group,Trastuzumab,PHASE3,COMPLETED,Breast Cancer,2017-08-28,2024-12-31,JAPAN BREAST CANCER RESEARCH GROUP,trastuzumab,,ADO-TRASTUZUMAB EMTANSINE,KADCYLA,"Genentech, Inc.",INTRAVENOUS,HUMAN PRESCRIPTION DRUG,False,Academic / medical / govt
NCT03264547,Japan Breast Cancer Research Group,Docetaxel,PHASE3,COMPLETED,Breast Cancer,2017-08-28,2024-12-31,JAPAN BREAST CANCER RESEARCH GROUP,docetaxel,,DOCETAXEL ANHYDROUS,Docetaxel,"Hospira, Inc.",INTRAVENOUS,HUMAN PRESCRIPTION DRUG,False,Academic / medical / govt
NCT03264547,Japan Breast Cancer Research Group,Paclitaxel,PHASE3,COMPLETED,Breast Cancer,2017-08-28,2024-12-31,JAPAN BREAST CANCER RESEARCH GROUP,paclitaxel,,PACLITAXEL,Paclitaxel,Alembic Pharmaceuticals Inc.,INTRAVENOUS,HUMAN PRESCRIPTION DRUG,False,Academic / medical / govt
NCT03264547,Japan Breast Cancer Research Group,Eribulin,PHASE3,COMPLETED,Breast Cancer,2017-08-28,2024-12-31,JAPAN BREAST CANCER RESEARCH GROUP,eribulin,,ERIBULIN MESYLATE,Eribulin Mesylate,Dr. Reddys Laboratories Inc,INTRAVENOUS,HUMAN PRESCRIPTION DRUG,False,Academic / medical / govt
NCT06831149,Matthew Spector,ICG (Indocyanine Green),PHASE2,RECRUITING,Squamous Cell Carcinoma; Pharyngocutaneous Fistula,2025-02-28,2030-02-28,MATTHEW SPECTOR,icg indocyanine green,,,,,,,False,"Other (biotech, private, etc.)"
NCT00540384,Amgen,Placebo,PHASE1,COMPLETED,Anemia; Solid Tumors,1999-07-01,2002-06-01,AMGEN,placebo,AMGN,,,,,,True,Public pharma
NCT00540384,Amgen,Novel Erythropoiesis Stimulating Protein (NESP) (darbepoetin alfa),PHASE1,COMPLETED,Anemia; Solid Tumors,1999-07-01,2002-06-01,AMGEN,novel erythropoiesis stimulating protein nesp darbepoetin alfa,AMGN,,,,,,True,Public pharma
NCT00165633,Eisai Limited,Menatetrenone,PHASE2,TERMINATED,Hepatocellular Carcinoma,2004-03-01,2007-03-01,EISAI,menatetrenone,,,,,,,False,"Other (biotech, private, etc.)"
NCT00165633,Eisai Limited,Placebo,PHASE2,TERMINATED,Hepatocellular Carcinoma,2004-03-01,2007-03-01,EISAI,placebo,,,,,,,False,"Other (biotech, private, etc.)"
NCT04722133,Yonsei University,HERZUMA+mFOLFOX,PHASE2,COMPLETED,HER2 Positive Advanced/Metastatic/Nonresectable Biliary Tract Cancer,2020-06-23,2023-06-14,YONSEI UNIVERSITY,herzuma mfolfox,,,,,,,False,Academic / medical / govt
NCT03359733,"Calithera Biosciences, Inc",TAK-659,PHASE1,WITHDRAWN,"Lymphoma, Malignant; Advanced Solid Neoplasms",2018-02-28,2019-08-20,CALITHERA BIOSCIENCES,tak-659,,,,,,,False,"Other (biotech, private, etc.)"
NCT01488552,Pancreatic Cancer Research Team,Gemcitabine,PHASE1,COMPLETED,Stage IV Pancreatic Cancer,2011-11-01,2016-08-01,PANCREATIC CANCER RESEARCH TEAM,gemcitabine,,GEMCITABINE HYDROCHLORIDE,Gemcitabine,Mylan Institutional LLC,INTRAVENOUS,HUMAN PRESCRIPTION DRUG,False,Academic / medical / govt
NCT01488552,Pancreatic Cancer Research Team,nab-paclitaxel,PHASE1,COMPLETED,Stage IV Pancreatic Cancer,2011-11-01,2016-08-01,PANCREATIC CANCER RESEARCH TEAM,nab-paclitaxel,,,,,,,False,Academic / medical / govt
NCT01488552,Pancreatic Cancer Research Team,FOLFIRINOX,PHASE1,COMPLETED,Stage IV Pancreatic Cancer,2011-11-01,2016-08-01,PANCREATIC CANCER RESEARCH TEAM,folfirinox,,,,,,,False,Academic / medical / govt
NCT01488552,Pancreatic Cancer Research Team,Metformin,PHASE1,COMPLETED,Stage IV Pancreatic Cancer,2011-11-01,2016-08-01,PANCREATIC CANCER RESEARCH TEAM,metformin,,SITAGLIPTIN AND METFORMIN HYDROCHLORIDE,ZITUVIMET,Zydus Lifesciences Limited,ORAL,HUMAN PRESCRIPTION DRUG,False,Academic / medical / govt
NCT01488552,Pancreatic Cancer Research Team,mFOLFIRI,PHASE1,COMPLETED,Stage IV Pancreatic Cancer,2011-11-01,2016-08-01,PANCREATIC CANCER RESEARCH TEAM,mfolfiri,,,,,,,False,Academic / medical / govt
NCT03944252,Gruppo Oncologico del Nord-Ovest,Avelumab,PHASE2,UNKNOWN,Squamous Cell Anal Carcinoma,2018-09-18,2022-02-01,GRUPPO ONCOLOGI DEL NORD OVEST,avelumab,,AVELUMAB,BAVENCIO,"EMD Serono, Inc.",INTRAVENOUS,HUMAN PRESCRIPTION DRUG,False,"Other (biotech, private, etc.)"
NCT03944252,Gruppo Oncologico del Nord-Ovest,Cetuximab,PHASE2,UNKNOWN,Squamous Cell Anal Carcinoma,2018-09-18,2022-02-01,GRUPPO ONCOLOGI DEL NORD OVEST,cetuximab,,CETUXIMAB,ERBITUX,ImClone LLC,INTRAVENOUS,HUMAN PRESCRIPTION DRUG,False,"Other (biotech, private, etc.)"
NCT05631249,"Gustave Roussy, Cancer Campus, Grand Paris",Sotorasib 120Mg Tab,PHASE2,RECRUITING,KRAS P.G12C; Non Small Cell Lung Cancer,2022-12-13,2027-12-12,GUSTAVE ROUSSY CANCER CAMPUS GRAND PARIS,sotorasib 120mg tab,,,,,,,False,"Other (biotech, private, etc.)"
NCT03085849,Catherine Shu,Durvalumab,PHASE1,COMPLETED,Extensive-stage Small Cell Lung Cancer,2017-12-15,2018-11-26,CATHERINE SHU,durvalumab,,DURVALUMAB,IMFINZI,AstraZeneca Pharmaceuticals LP,INTRAVENOUS,HUMAN PRESCRIPTION DRUG,False,"Other (biotech, private, etc.)"
NCT03085849,Catherine Shu,Tremelimumab,PHASE1,COMPLETED,Extensive-stage Small Cell Lung Cancer,2017-12-15,2018-11-26,CATHERINE SHU,tremelimumab,,TREMELIMUMAB,IMJUDO,AstraZeneca Pharmaceuticals LP,INTRAVENOUS,HUMAN PRESCRIPTION DRUG,False,"Other (biotech, private, etc.)"
NCT03085849,Catherine Shu,SGI-110,PHASE1,COMPLETED,Extensive-stage Small Cell Lung Cancer,2017-12-15,2018-11-26,CATHERINE SHU,sgi-110,,,,,,,False,"Other (biotech, private, etc.)"
NCT07527858,Gilead Sciences,Denikitug,PHASE2,NOT_YET_RECRUITING,Advanced Microsatellite Stable Colorectal Cancer,2026-04-01,2028-12-01,GILEAD SCIENCES,denikitug,GILD,,,,,,True,Public pharma
NCT07527858,Gilead Sciences,Nivolumab,PHASE2,NOT_YET_RECRUITING,Advanced Microsatellite Stable Colorectal Cancer,2026-04-01,2028-12-01,GILEAD SCIENCES,nivolumab,GILD,NIVOLUMAB AND HYALURONIDASE-NVHY,OPDIVO QVANTIG,"E.R. Squibb & Sons, L.L.C.",SUBCUTANEOUS,HUMAN PRESCRIPTION DRUG,True,Public pharma
NCT07527858,Gilead Sciences,Bevacizumab,PHASE2,NOT_YET_RECRUITING,Advanced Microsatellite Stable Colorectal Cancer,2026-04-01,2028-12-01,GILEAD SCIENCES,bevacizumab,GILD,BEVACIZUMAB-AWWB,MVASI,"Amgen, Inc",INTRAVENOUS,HUMAN PRESCRIPTION DRUG,True,Public pharma
NCT07527858,Gilead Sciences,Trifluridine-Tipiracil,PHASE2,NOT_YET_RECRUITING,Advanced Microsatellite Stable Colorectal Cancer,2026-04-01,2028-12-01,GILEAD SCIENCES,trifluridine-tipiracil,GILD,,,,,,True,Public pharma
NCT07481058,"Beijing Konruns Pharmaceutical Co., Ltd.",KC1036,PHASE2,RECRUITING,Esophageal Squamous Cell Carcinoma (ESCC),2025-12-12,2028-12-01,BEIJING KONRUNS PHARMACEUTICAL,kc1036,,,,,,,False,"Other (biotech, private, etc.)"
NCT07481058,"Beijing Konruns Pharmaceutical Co., Ltd.",Toripalimab,PHASE2,RECRUITING,Esophageal Squamous Cell Carcinoma (ESCC),2025-12-12,2028-12-01,BEIJING KONRUNS PHARMACEUTICAL,toripalimab,,TORIPALIMAB-TPZI,LOQTORZI,"Coherus Oncology, Inc.",INTRAVENOUS,HUMAN PRESCRIPTION DRUG,False,"Other (biotech, private, etc.)"
NCT07481058,"Beijing Konruns Pharmaceutical Co., Ltd.",Paclitaxel,PHASE2,RECRUITING,Esophageal Squamous Cell Carcinoma (ESCC),2025-12-12,2028-12-01,BEIJING KONRUNS PHARMACEUTICAL,paclitaxel,,PACLITAXEL,Paclitaxel,Alembic Pharmaceuticals Inc.,INTRAVENOUS,HUMAN PRESCRIPTION DRUG,False,"Other (biotech, private, etc.)"
NCT07481058,"Beijing Konruns Pharmaceutical Co., Ltd.",Cisplatin,PHASE2,RECRUITING,Esophageal Squamous Cell Carcinoma (ESCC),2025-12-12,2028-12-01,BEIJING KONRUNS PHARMACEUTICAL,cisplatin,,CISPLATIN,Cisplatin,Sagent Pharmaceuticals,INTRAVENOUS,HUMAN PRESCRIPTION DRUG,False,"Other (biotech, private, etc.)"
NCT05593458,Zhejiang University,Oxaliplatin by arterial infusion plus S-1,PHASE3,RECRUITING,Locally Advanced Gastric Carcinoma,2023-04-01,2026-12-01,ZHEJIANG UNIVERSITY,oxaliplatin by arterial infusion plus s-1,,,,,,,False,Academic / medical / govt
NCT05593458,Zhejiang University,SOX neoadjuvant,PHASE3,RECRUITING,Locally Advanced Gastric Carcinoma,2023-04-01,2026-12-01,ZHEJIANG UNIVERSITY,sox neoadjuvant,,,,,,,False,Academic / medical / govt
NCT05593458,Zhejiang University,Sintilimab neoadjuvant,PHASE3,RECRUITING,Locally Advanced Gastric Carcinoma,2023-04-01,2026-12-01,ZHEJIANG UNIVERSITY,sintilimab neoadjuvant,,,,,,,False,Academic / medical / govt
NCT05593458,Zhejiang University,"SOX adjuvant, Sequential S-1",PHASE3,RECRUITING,Locally Advanced Gastric Carcinoma,2023-04-01,2026-12-01,ZHEJIANG UNIVERSITY,sox adjuvant sequential s-1,,,,,,,False,Academic / medical / govt
NCT05593458,Zhejiang University,Sintilimab adjuvant,PHASE3,RECRUITING,Locally Advanced Gastric Carcinoma,2023-04-01,2026-12-01,ZHEJIANG UNIVERSITY,sintilimab adjuvant,,,,,,,False,Academic / medical / govt
NCT05911958,Henan Cancer Hospital,SHR-A1811 for injection,PHASE2,RECRUITING,HER2 Low Breast Carcinoma,2023-07-05,2029-05-31,HENAN CANCER HOSPITAL,shr-a1811 for,,,,,,,False,Academic / medical / govt
NCT00798148,Tehran University of Medical Sciences,"131I-MIBG , Etoposide, Melphalan, Carboplatin, Autologous Peripheral Stem Cell Transplantation",PHASE1,UNKNOWN,Neuroblastoma,2008-09-01,,TEHRAN UNIVERSITY OF MEDICAL SCIENCES,131i-mibg etoposide melphalan carboplatin autologous peripheral stem cell transplantation,,,,,,,False,Academic / medical / govt
NCT04970914,Peking Union Medical College Hospital,Anlotinib,PHASE2,UNKNOWN,Colorectal Cancer,2021-11-05,2023-08-23,PEKING UNION MEDICAL COLLEGE HOSPITAL,anlotinib,,,,,,,False,Academic / medical / govt
NCT04970914,Peking Union Medical College Hospital,Penpulimab,PHASE2,UNKNOWN,Colorectal Cancer,2021-11-05,2023-08-23,PEKING UNION MEDICAL COLLEGE HOSPITAL,penpulimab,,PENPULIMAB,Penpulimab kcqx,"Akeso Biopharma, Co., Ltd",INTRAVENOUS,HUMAN PRESCRIPTION DRUG,False,Academic / medical / govt
NCT06293014,Henan Cancer Hospital,TAS-102+bevacizumab,PHASE2,RECRUITING,Colorectal Cancer,2024-02-23,2026-11-28,HENAN CANCER HOSPITAL,tas-102 bevacizumab,,,,,,,False,Academic / medical / govt
NCT06293014,Henan Cancer Hospital,Standard chemotherapy+bevacizumab,PHASE2,RECRUITING,Colorectal Cancer,2024-02-23,2026-11-28,HENAN CANCER HOSPITAL,standard chemotherapy bevacizumab,,,,,,,False,Academic / medical / govt
NCT02768714,Eurofarma Laboratorios S.A.,Eurofarma's pegfilgrastim,PHASE3,WITHDRAWN,Breast Cancer,2018-01-01,2019-10-01,EUROFARMA LABORATORIOS S A,eurofarma s pegfilgrastim,,,,,,,False,"Other (biotech, private, etc.)"
NCT02768714,Eurofarma Laboratorios S.A.,Neulastim,PHASE3,WITHDRAWN,Breast Cancer,2018-01-01,2019-10-01,EUROFARMA LABORATORIOS S A,neulastim,,,,,,,False,"Other (biotech, private, etc.)"
NCT06343116,"Biotech Pharmaceutical Co., Ltd.",Nimotuzumab injection,PHASE3,NOT_YET_RECRUITING,Refractory Metastatic Colorectal Cancer,2024-04-01,2027-04-01,BIOTECH PHARMACEUTICAL,nimotuzumab,,,,,,,False,"Other (biotech, private, etc.)"
NCT06343116,"Biotech Pharmaceutical Co., Ltd.",Placebo,PHASE3,NOT_YET_RECRUITING,Refractory Metastatic Colorectal Cancer,2024-04-01,2027-04-01,BIOTECH PHARMACEUTICAL,placebo,,,,,,,False,"Other (biotech, private, etc.)"
NCT06343116,"Biotech Pharmaceutical Co., Ltd.",Trifluridine/tipiracil,PHASE3,NOT_YET_RECRUITING,Refractory Metastatic Colorectal Cancer,2024-04-01,2027-04-01,BIOTECH PHARMACEUTICAL,trifluridine tipiracil,,,,,,,False,"Other (biotech, private, etc.)"
NCT07444606,M.D. Anderson Cancer Center,DNX-2401,PHASE1,NOT_YET_RECRUITING,Melanoma,2026-08-31,2029-01-01,M D ANDERSON CANCER CENTER,dnx-2401,,,,,,,False,Academic / medical / govt
NCT04650204,Mayo Clinic,Anticonvulsant Agent,PHASE4,TERMINATED,Intractable Epilepsy; Malignant Glioma; Seizure Disorder; WHO Grade 2 Glioma; WHO Grade 3 Glioma,2020-12-04,2023-04-30,MAYO CLINIC,anticonvulsant agent,,,,,,,False,Academic / medical / govt
NCT04650204,Mayo Clinic,Perampanel,PHASE4,TERMINATED,Intractable Epilepsy; Malignant Glioma; Seizure Disorder; WHO Grade 2 Glioma; WHO Grade 3 Glioma,2020-12-04,2023-04-30,MAYO CLINIC,perampanel,,PERAMPANEL,Perampanel,"Sun Pharmaceutical Industries, Inc.",ORAL,HUMAN PRESCRIPTION DRUG,False,Academic / medical / govt
NCT01794104,National Cancer Institute (NCI),LMP400,PHASE1,COMPLETED,Neoplasm; Lymphoma,2013-02-15,2017-10-27,NATIONAL CANCER INSTITUTE NCI,lmp400,,,,,,,False,Academic / medical / govt
NCT06141304,The First Hospital of Jilin University,Plerixafor,PHASE2,UNKNOWN,Relapsed Adult ALL; Relapsed Adult AML,2023-09-01,2025-07-01,THE FIRST HOSPITAL OF JILIN UNIVERSITY,plerixafor,,PLERIXAFOR,Mozobil,Sanofi-Aventis U.S. LLC,SUBCUTANEOUS,HUMAN PRESCRIPTION DRUG,False,Academic / medical / govt
NCT03891914,"University Hospital, Bordeaux",Positron Emission Tomography using 18F-FCH,PHASE3,COMPLETED,Myeloma Multiple,2019-11-12,2023-01-31,UNIVERSITY HOSPITAL BORDEAUX,positron emission tomography using 18f-fch,,,,,,,False,Academic / medical / govt
NCT03891914,"University Hospital, Bordeaux",Positron Emission Tomography using 18F-FDG,PHASE3,COMPLETED,Myeloma Multiple,2019-11-12,2023-01-31,UNIVERSITY HOSPITAL BORDEAUX,positron emission tomography using 18f-fdg,,,,,,,False,Academic / medical / govt
NCT03360214,Columbia University,Bupivacaine Hydrochloride,PHASE4,COMPLETED,Breast Cancer Female,2017-07-05,2022-03-07,COLUMBIA UNIVERSITY,bupivacaine,,"METHYLPREDNISOLONE ACETATE, LIDOCAINE HYDROCHLORIDE, BUPIVACAINE HYDROCHLORIDE, POVIDINE IODINE, SODIUM CHLORIDE, ISOPROPYL ALCOHOL",Dyural 40 Kit,"Advanced Rx Pharmacy of Tennessee, LLC",EPIDURAL,HUMAN PRESCRIPTION DRUG,False,Academic / medical / govt
NCT03360214,Columbia University,Ropivacaine Hydrochloride,PHASE4,COMPLETED,Breast Cancer Female,2017-07-05,2022-03-07,COLUMBIA UNIVERSITY,ropivacaine,,ROPIVACAINE HYDROCHLORIDE,ROPIVACAINE HYDROCHLORIDE,"Glenmark Pharmaceuticals Inc., USA",EPIDURAL,HUMAN PRESCRIPTION DRUG,False,Academic / medical / govt
NCT03274206,BioLeaders Corporation,Placebo,PHASE2,UNKNOWN,Cervical Intraepithelial Neoplasia Grade 2/3,2017-08-30,2020-08-01,BIOLEADERS,placebo,,,,,,,False,"Other (biotech, private, etc.)"
NCT02110706,Yale University,Rituximab,PHASE2,COMPLETED,Myasthenia Gravis,2014-05-01,2018-05-01,YALE UNIVERSITY,rituximab,,RITUXIMAB AND HYALURONIDASE,Rituxan Hycela,"Genentech, Inc.",SUBCUTANEOUS,HUMAN PRESCRIPTION DRUG,False,Academic / medical / govt
NCT02110706,Yale University,Placebo,PHASE2,COMPLETED,Myasthenia Gravis,2014-05-01,2018-05-01,YALE UNIVERSITY,placebo,,,,,,,False,Academic / medical / govt
NCT02699606,"Janssen Research & Development, LLC",Erdafitinib,PHASE2,COMPLETED,Neoplasm,2016-07-08,2024-03-15,JANSSEN RESEARCH DEVELOPMENT,erdafitinib,JNJ,ERDAFITINIB,BALVERSA,Janssen Products LP,ORAL,HUMAN PRESCRIPTION DRUG,True,Public pharma
NCT00548704,Valerio Therapeutics,Dexrazoxane,PHASE2,COMPLETED,Extravasation,2002-04-01,2005-08-01,VALERIO THERAPEUTICS,dexrazoxane,,DEXRAZOXANE,Dexrazoxane,Hikma Pharmaceuticals USA Inc.,INTRAVENOUS,HUMAN PRESCRIPTION DRUG,False,"Other (biotech, private, etc.)"
NCT03414814,Seoul National University Hospital,Osimertinib 80 MG [Tagrisso],PHASE2,COMPLETED,Locally Advanced or Metastatic NSCLC,2018-01-04,2021-08-03,SEOUL NATIONAL UNIVERSITY HOSPITAL,osimertinib 80 mg tagrisso,,,,,,,False,Academic / medical / govt
NCT06113016,Jonsson Comprehensive Cancer Center,Fisetin,PHASE2,RECRUITING,Anatomic Stage I Breast Cancer American Joint Committee on Cancer (AJCC) v8; Anatomic Stage II Breast Cancer AJCC v8; Anatomic Stage III Breast Cancer AJCC v8; Early Stage Breast Carcinoma,2024-07-23,2028-12-30,JONSSON COMPREHENSIVE CANCER CENTER,fisetin,,,,,,,False,Academic / medical / govt
NCT06113016,Jonsson Comprehensive Cancer Center,Placebo Administration,PHASE2,RECRUITING,Anatomic Stage I Breast Cancer American Joint Committee on Cancer (AJCC) v8; Anatomic Stage II Breast Cancer AJCC v8; Anatomic Stage III Breast Cancer AJCC v8; Early Stage Breast Carcinoma,2024-07-23,2028-12-30,JONSSON COMPREHENSIVE CANCER CENTER,placebo administration,,,,,,,False,Academic / medical / govt
NCT04008706,AstraZeneca,Acalabrutinib,PHASE3,COMPLETED,Chronic Lymphocytic Leukemia,2019-09-17,2025-11-04,ASTRAZENECA,acalabrutinib,AZN,ACALABRUTINIB,CALQUENCE,AstraZeneca Pharmaceuticals LP,ORAL,HUMAN PRESCRIPTION DRUG,True,Public pharma
NCT01660906,Bristol-Myers Squibb,Dasatinib,PHASE4,COMPLETED,Chronic Phase Chronic Myeloid Leukemia,2012-12-01,2015-10-01,BRISTOL MYERS SQUIBB,dasatinib,BMY,DASATINIB,Dasatinib,BluePoint Laboratories,ORAL,HUMAN PRESCRIPTION DRUG,True,Public pharma
NCT03635489,Hoffmann-La Roche,Paclitaxel,PHASE3,COMPLETED,Ovarian Cancer; Fallopian Tube Cancer; Primary Peritoneal Cancer,2018-08-15,2023-05-11,HOFFMANN LA ROCHE,paclitaxel,RHHBY,PACLITAXEL,Paclitaxel,Alembic Pharmaceuticals Inc.,INTRAVENOUS,HUMAN PRESCRIPTION DRUG,True,Public pharma
NCT03635489,Hoffmann-La Roche,Bevacizumab,PHASE3,COMPLETED,Ovarian Cancer; Fallopian Tube Cancer; Primary Peritoneal Cancer,2018-08-15,2023-05-11,HOFFMANN LA ROCHE,bevacizumab,RHHBY,BEVACIZUMAB-AWWB,MVASI,"Amgen, Inc",INTRAVENOUS,HUMAN PRESCRIPTION DRUG,True,Public pharma
NCT03635489,Hoffmann-La Roche,Carboplatin,PHASE3,COMPLETED,Ovarian Cancer; Fallopian Tube Cancer; Primary Peritoneal Cancer,2018-08-15,2023-05-11,HOFFMANN LA ROCHE,carboplatin,RHHBY,CARBOPLATIN,CARBOPLATIN,Apotex Corp.,INTRAVENOUS,HUMAN PRESCRIPTION DRUG,True,Public pharma
NCT03635489,Hoffmann-La Roche,Placebo,PHASE3,COMPLETED,Ovarian Cancer; Fallopian Tube Cancer; Primary Peritoneal Cancer,2018-08-15,2023-05-11,HOFFMANN LA ROCHE,placebo,RHHBY,,,,,,True,Public pharma
NCT00779389,University of Pittsburgh,Erlotinib,PHASE1,COMPLETED,Head and Neck Cancer; Non Small Cell Lung Cancer,2009-01-01,2014-02-01,UNIVERSITY OF PITTSBURGH,erlotinib,,ERLOTINIB HYDROCHLORIDE,Erlotinib,Armas Pharmaceuticals Inc.,ORAL,HUMAN PRESCRIPTION DRUG,False,Academic / medical / govt
NCT00779389,University of Pittsburgh,Dasatinib + Placebo,PHASE1,COMPLETED,Head and Neck Cancer; Non Small Cell Lung Cancer,2009-01-01,2014-02-01,UNIVERSITY OF PITTSBURGH,dasatinib placebo,,,,,,,False,Academic / medical / govt
NCT00779389,University of Pittsburgh,Erlotinib plus Dasatinib,PHASE1,COMPLETED,Head and Neck Cancer; Non Small Cell Lung Cancer,2009-01-01,2014-02-01,UNIVERSITY OF PITTSBURGH,erlotinib plus dasatinib,,,,,,,False,Academic / medical / govt
NCT00779389,University of Pittsburgh,Placebo,PHASE1,COMPLETED,Head and Neck Cancer; Non Small Cell Lung Cancer,2009-01-01,2014-02-01,UNIVERSITY OF PITTSBURGH,placebo,,,,,,,False,Academic / medical / govt
NCT01776840,"Janssen Research & Development, LLC",Bendamustine,PHASE3,COMPLETED,Mantle Cell Lymphoma,2013-05-16,2024-06-24,JANSSEN RESEARCH DEVELOPMENT,bendamustine,JNJ,BENDAMUSTINE HYDROCHLORIDE,Bendamustine Hydrochloride,Apotex Corp,INTRAVENOUS,HUMAN PRESCRIPTION DRUG,True,Public pharma
NCT01776840,"Janssen Research & Development, LLC",Rituximab,PHASE3,COMPLETED,Mantle Cell Lymphoma,2013-05-16,2024-06-24,JANSSEN RESEARCH DEVELOPMENT,rituximab,JNJ,RITUXIMAB AND HYALURONIDASE,Rituxan Hycela,"Genentech, Inc.",SUBCUTANEOUS,HUMAN PRESCRIPTION DRUG,True,Public pharma
NCT01776840,"Janssen Research & Development, LLC",Ibrutinib,PHASE3,COMPLETED,Mantle Cell Lymphoma,2013-05-16,2024-06-24,JANSSEN RESEARCH DEVELOPMENT,ibrutinib,JNJ,IBRUTINIB,Imbruvica,Pharmacyclics LLC,ORAL,HUMAN PRESCRIPTION DRUG,True,Public pharma
NCT01776840,"Janssen Research & Development, LLC",Placebo,PHASE3,COMPLETED,Mantle Cell Lymphoma,2013-05-16,2024-06-24,JANSSEN RESEARCH DEVELOPMENT,placebo,JNJ,,,,,,True,Public pharma
NCT07466927,Fudan University,SHR-A1811,PHASE2,NOT_YET_RECRUITING,HER2-negative Breast Cancer,2026-03-15,2029-01-15,FUDAN UNIVERSITY,shr-a1811,,,,,,,False,Academic / medical / govt
NCT07466927,Fudan University,SKB264,PHASE2,NOT_YET_RECRUITING,HER2-negative Breast Cancer,2026-03-15,2029-01-15,FUDAN UNIVERSITY,skb264,,,,,,,False,Academic / medical / govt
NCT07466927,Fudan University,Pembrolizumab,PHASE2,NOT_YET_RECRUITING,HER2-negative Breast Cancer,2026-03-15,2029-01-15,FUDAN UNIVERSITY,pembrolizumab,,PEMBROLIZUMAB AND BERAHYALURONIDASE ALFA-PMPH,KEYTRUDA QLEX,Merck Sharp & Dohme LLC,SUBCUTANEOUS,HUMAN PRESCRIPTION DRUG,False,Academic / medical / govt
NCT07466927,Fudan University,SHR-1316,PHASE2,NOT_YET_RECRUITING,HER2-negative Breast Cancer,2026-03-15,2029-01-15,FUDAN UNIVERSITY,shr-1316,,,,,,,False,Academic / medical / govt
NCT07511127,Ruijin Hospital,Maribavir,PHASE3,RECRUITING,Hematologic Malignancy,2026-02-28,2028-12-31,RUIJIN HOSPITAL,maribavir,,MARIBAVIR,Livtencity,"Takeda Pharmaceuticals America, Inc.",ORAL,HUMAN PRESCRIPTION DRUG,False,Academic / medical / govt
NCT04180761,University Hospital Tuebingen,intraoperative hyperthermic intraperitoneal chemotherapy (HIPEC),PHASE2,WITHDRAWN,Gastric Neoplasms,2019-11-01,2022-09-01,UNIVERSITY HOSPITAL TUEBINGEN,intraoperative hyperthermic intraperitoneal chemotherapy hipec,,,,,,,False,Academic / medical / govt
NCT00021333,Fox Chase Cancer Center,cisplatin,PHASE2,COMPLETED,Head and Neck Cancer; Lung Cancer,1999-09-01,2008-05-01,FOX CHA CANCER CENTER,cisplatin,,CISPLATIN,Cisplatin,Sagent Pharmaceuticals,INTRAVENOUS,HUMAN PRESCRIPTION DRUG,False,Academic / medical / govt
NCT00021333,Fox Chase Cancer Center,paclitaxel,PHASE2,COMPLETED,Head and Neck Cancer; Lung Cancer,1999-09-01,2008-05-01,FOX CHA CANCER CENTER,paclitaxel,,PACLITAXEL,Paclitaxel,Alembic Pharmaceuticals Inc.,INTRAVENOUS,HUMAN PRESCRIPTION DRUG,False,Academic / medical / govt
NCT02314052,"Dicerna Pharmaceuticals, Inc., a Novo Nordisk company",DCR-MYC,PHASE1,TERMINATED,Hepatocellular Carcinoma,2015-01-27,2016-10-11,DICERNA PHARMACEUTICALS A NOVO NORDISK COMPANY,dcr-myc,,,,,,,False,"Other (biotech, private, etc.)"
NCT04208347,Ruijin Hospital,Apatinib 250mg,PHASE2,ACTIVE_NOT_RECRUITING,Gastric and Gastroesophageal Junction (GEJ) Adenocarcinoma,2019-12-18,2027-12-01,RUIJIN HOSPITAL,apatinib 250mg,,,,,,,False,Academic / medical / govt
NCT04208347,Ruijin Hospital,Camrelizumab,PHASE2,ACTIVE_NOT_RECRUITING,Gastric and Gastroesophageal Junction (GEJ) Adenocarcinoma,2019-12-18,2027-12-01,RUIJIN HOSPITAL,camrelizumab,,,,,,,False,Academic / medical / govt
NCT04208347,Ruijin Hospital,"S-1, Oxaliplatin",PHASE2,ACTIVE_NOT_RECRUITING,Gastric and Gastroesophageal Junction (GEJ) Adenocarcinoma,2019-12-18,2027-12-01,RUIJIN HOSPITAL,s-1 oxaliplatin,,,,,,,False,Academic / medical / govt
NCT04208347,Ruijin Hospital,Apatinib 500mg,PHASE2,ACTIVE_NOT_RECRUITING,Gastric and Gastroesophageal Junction (GEJ) Adenocarcinoma,2019-12-18,2027-12-01,RUIJIN HOSPITAL,apatinib 500mg,,,,,,,False,Academic / medical / govt
NCT01730638,Nantes University Hospital,• TF2 and 68 Ga-IMP-288,PHASE1,COMPLETED,Medullary Thyroid Carcinoma,2013-01-01,2016-12-01,NANTES UNIVERSITY HOSPITAL,tf2 and 68 ga-imp-288,,,,,,,False,Academic / medical / govt
NCT06292858,"Beijng Immunoah Pharma Tech Co., Ltd.",IMB071703 injection,PHASE1,UNKNOWN,"Recurrent or Metastatic, Advanced Solid Tumors",2023-02-24,2025-08-01,BEIJNG IMMUNOAH PHARMA TECH,imb071703,,,,,,,False,"Other (biotech, private, etc.)"
NCT00079248,"Institute of Cancer Research, United Kingdom",conjugated estrogens,NA,UNKNOWN,Breast Cancer; Hot Flashes; Menopausal Symptoms; Osteoporosis,2002-03-01,,INSTITUTE OF CANCER RESEARCH UNITED KINGDOM,conjugated estrogens,,CONJUGATED ESTROGENS,Premarin,"Wyeth Pharmaceuticals LLC, a subsidiary of Pfizer Inc.",INTRAMUSCULAR,HUMAN PRESCRIPTION DRUG,False,Academic / medical / govt
NCT06511648,Spanish Oncology Genito-Urinary Group,Erdafitinib monotherapy,PHASE2,RECRUITING,Muscle-invasive Bladder Cancer,2023-03-07,2029-10-01,SPANISH ONCOLOGY GENITO URINARY GROUP,erdafitinib monotherapy,,,,,,,False,"Other (biotech, private, etc.)"
NCT06511648,Spanish Oncology Genito-Urinary Group,Cetrelimab and Erdafitinib combination,PHASE2,RECRUITING,Muscle-invasive Bladder Cancer,2023-03-07,2029-10-01,SPANISH ONCOLOGY GENITO URINARY GROUP,cetrelimab and erdafitinib combination,,,,,,,False,"Other (biotech, private, etc.)"
NCT01685255,Incyte Corporation,Epacadostat,PHASE2,TERMINATED,Ovarian Cancer; Genitourinary (GU) Tumors,2012-08-01,2014-10-23,INCYTE,epacadostat,INCY,,,,,,True,Public pharma
NCT01685255,Incyte Corporation,tamoxifen,PHASE2,TERMINATED,Ovarian Cancer; Genitourinary (GU) Tumors,2012-08-01,2014-10-23,INCYTE,tamoxifen,INCY,TAMOXIFEN CITRATE,SOLTAMOX,Mayne Pharma,ORAL,HUMAN PRESCRIPTION DRUG,True,Public pharma
NCT00415155,Eli Lilly and Company,LY2181308,PHASE1,WITHDRAWN,Hepatocellular Carcinoma,2008-08-01,2011-01-01,ELI LILLY AND COMPANY,ly2181308,LLY,,,,,,True,Public pharma
NCT03891784,University of Washington,Abemaciclib,PHASE2,ACTIVE_NOT_RECRUITING,Advanced Digestive System Neuroendocrine Neoplasm; Digestive System Neuroendocrine Tumor; Foregut Neuroendocrine Tumor; Hindgut Neuroendocrine Tumor; Locally Advanced Unresectable Digestive System Neuroendocrine Neoplasm; Metastatic Digestive System Neuroendocrine Neoplasm; Midgut Neuroendocrine Tumor; Pancreatic Neuroendocrine Tumor; Refractory Digestive System Neuroendocrine Neoplasm,2019-10-31,2026-07-01,UNIVERSITY OF WASHINGTON,abemaciclib,,ABEMACICLIB,Verzenio,Eli Lilly and Company,ORAL,HUMAN PRESCRIPTION DRUG,False,Academic / medical / govt
NCT04272333,Presage Biosciences,Motolimod,EARLY_PHASE1,TERMINATED,HNSCC,2021-10-15,2022-03-25,PRESAGE BIOSCIENCES,motolimod,,,,,,,False,"Other (biotech, private, etc.)"
NCT07432984,Se-Hoon Lee,Tislelizumab,PHASE2,NOT_YET_RECRUITING,Non Small Cell Lung Cancer,2026-04-30,2029-10-30,HOON LEE,tislelizumab,,TISLELIZUMAB-JSGR,TEVIMBRA,"BeOne Medicines USA, Inc.",INTRAVENOUS,HUMAN PRESCRIPTION DRUG,False,"Other (biotech, private, etc.)"
NCT05287984,"Institute of Hematology & Blood Diseases Hospital, China","Zanubrutinib, Fludarabine, cyclophosphamide and rituximab",PHASE2,UNKNOWN,Chronic Lymphocytic Leukemia; Small Lymphocytic Lymphoma; Newly Diagnosed,2022-03-22,2024-11-29,INSTITUTE OF HEMATOLOGY BLOOD DISEASES HOSPITAL CHINA,zanubrutinib fludarabine cyclophosphamide and rituximab,,,,,,,False,Academic / medical / govt
NCT05287984,"Institute of Hematology & Blood Diseases Hospital, China","Zanubrutinib, bendamustine, rituximab",PHASE2,UNKNOWN,Chronic Lymphocytic Leukemia; Small Lymphocytic Lymphoma; Newly Diagnosed,2022-03-22,2024-11-29,INSTITUTE OF HEMATOLOGY BLOOD DISEASES HOSPITAL CHINA,zanubrutinib bendamustine rituximab,,,,,,,False,Academic / medical / govt
NCT01761747,Dana-Farber Cancer Institute,ponatinib,PHASE2,TERMINATED,"Non-Small Cell Lung Cancer, Head and Neck Cancer",2013-01-01,2014-06-01,DANA FARBER CANCER INSTITUTE,ponatinib,,PONATINIB HYDROCHLORIDE,Iclusig,"Takeda Pharmaceuticals America, Inc.",ORAL,HUMAN PRESCRIPTION DRUG,False,Academic / medical / govt
NCT00080847,National Cancer Institute (NCI),cyclophosphamide,PHASE2,TERMINATED,Contiguous Stage II Adult Diffuse Large Cell Lymphoma; Noncontiguous Stage II Adult Diffuse Large Cell Lymphoma; Stage III Adult Diffuse Large Cell Lymphoma; Stage IV Adult Diffuse Large Cell Lymphoma,2004-03-01,,NATIONAL CANCER INSTITUTE NCI,cyclophosphamide,,CYCLOPHOSPHAMIDE,CYCLOPHOSPHAMIDE,"XGen Pharmaceuticals DJB, Inc.",INTRAVENOUS,HUMAN PRESCRIPTION DRUG,False,Academic / medical / govt
NCT00080847,National Cancer Institute (NCI),doxorubicin hydrochloride,PHASE2,TERMINATED,Contiguous Stage II Adult Diffuse Large Cell Lymphoma; Noncontiguous Stage II Adult Diffuse Large Cell Lymphoma; Stage III Adult Diffuse Large Cell Lymphoma; Stage IV Adult Diffuse Large Cell Lymphoma,2004-03-01,,NATIONAL CANCER INSTITUTE NCI,doxorubicin,,DOXORUBICIN HYDROCHLORIDE,Doxorubicin Hydrochloride,Pfizer Laboratories Div Pfizer Inc,INTRAVENOUS,HUMAN PRESCRIPTION DRUG,False,Academic / medical / govt
NCT00080847,National Cancer Institute (NCI),vincristine sulfate,PHASE2,TERMINATED,Contiguous Stage II Adult Diffuse Large Cell Lymphoma; Noncontiguous Stage II Adult Diffuse Large Cell Lymphoma; Stage III Adult Diffuse Large Cell Lymphoma; Stage IV Adult Diffuse Large Cell Lymphoma,2004-03-01,,NATIONAL CANCER INSTITUTE NCI,vincristine,,VINCRISTINE SULFATE,VinCRIStine Sulfate,"Hospira, Inc.",INTRAVENOUS,HUMAN PRESCRIPTION DRUG,False,Academic / medical / govt
NCT00080847,National Cancer Institute (NCI),prednisone,PHASE2,TERMINATED,Contiguous Stage II Adult Diffuse Large Cell Lymphoma; Noncontiguous Stage II Adult Diffuse Large Cell Lymphoma; Stage III Adult Diffuse Large Cell Lymphoma; Stage IV Adult Diffuse Large Cell Lymphoma,2004-03-01,,NATIONAL CANCER INSTITUTE NCI,prednisone,,PREDNISONE,PredniSONE,A-S Medication Solutions,ORAL,HUMAN PRESCRIPTION DRUG,False,Academic / medical / govt
NCT05851547,Ottawa Hospital Research Institute,Triptorelin Injection,PHASE2,RECRUITING,Prostatic Neoplasms,2023-11-23,2028-06-01,OTTAWA HOSPITAL RESEARCH INSTITUTE,triptorelin,,TRIPTORELIN PAMOATE,Trelstar,Verity Pharmaceuticals Inc.,,HUMAN PRESCRIPTION DRUG,False,Academic / medical / govt
NCT02890784,University of Jena,dasatinib (SPRYCEL®),PHASE3,COMPLETED,"Myeloid Leukemia, Chronic",2016-08-01,2023-03-31,UNIVERSITY OF JENA,dasatinib sprycel,,,,,,,False,Academic / medical / govt
NCT01636947,Merck Sharp & Dohme LLC,Aprepitant,PHASE4,COMPLETED,Nausea; Vomiting,2012-12-12,2014-08-04,MERCK SHARP DOHME,aprepitant,MRK,APREPITANT,APREPITANT,"Golden State Medical Supply, Inc.",ORAL,HUMAN PRESCRIPTION DRUG,True,Public pharma
NCT01636947,Merck Sharp & Dohme LLC,Aprepitant Placebo,PHASE4,COMPLETED,Nausea; Vomiting,2012-12-12,2014-08-04,MERCK SHARP DOHME,aprepitant placebo,MRK,,,,,,True,Public pharma
NCT01636947,Merck Sharp & Dohme LLC,Ondansetron,PHASE4,COMPLETED,Nausea; Vomiting,2012-12-12,2014-08-04,MERCK SHARP DOHME,ondansetron,MRK,ONDANSETRON HYDROCHLORIDE,ondansetron hydrochloride,"NCS HealthCare of KY, LLC dba Vangard Labs",ORAL,HUMAN PRESCRIPTION DRUG,True,Public pharma
NCT01636947,Merck Sharp & Dohme LLC,Dexamethasone,PHASE4,COMPLETED,Nausea; Vomiting,2012-12-12,2014-08-04,MERCK SHARP DOHME,dexamethasone,MRK,DEXAMETHASONE,Dexamethasone,"Advanced Rx Pharmacy of Tennessee, LLC",ORAL,HUMAN PRESCRIPTION DRUG,True,Public pharma
NCT01636947,Merck Sharp & Dohme LLC,Ondansetron Placebo,PHASE4,COMPLETED,Nausea; Vomiting,2012-12-12,2014-08-04,MERCK SHARP DOHME,ondansetron placebo,MRK,,,,,,True,Public pharma
NCT01636947,Merck Sharp & Dohme LLC,"Rescue Therapy (granisetron, dolasetron, tropisetron or ondansetron; metoclopramide or alizapride).",PHASE4,COMPLETED,Nausea; Vomiting,2012-12-12,2014-08-04,MERCK SHARP DOHME,rescue therapy granisetron dolasetron tropisetron or ondansetron metoclopramide or alizapride,MRK,,,,,,True,Public pharma
NCT01145638,Pharmacosmos A/S,iron isomaltoside 1000,PHASE3,COMPLETED,Non-myeloid Malignancies; Chemotherapy Induced Anaemia,2010-10-01,2014-05-01,PHARMACOSMOS A S,iron isomaltoside 1000,,,,,,,False,"Other (biotech, private, etc.)"
NCT01145638,Pharmacosmos A/S,iron sulphate,PHASE3,COMPLETED,Non-myeloid Malignancies; Chemotherapy Induced Anaemia,2010-10-01,2014-05-01,PHARMACOSMOS A S,iron sulphate,,,,,,,False,"Other (biotech, private, etc.)"
NCT03168438,GlaxoSmithKline,Letetresgene autoleucel,PHASE1,TERMINATED,Neoplasms,2017-08-18,2020-11-05,GLAXOSMITHKLINE,letetresgene autoleucel,GSK,,,,,,True,Public pharma
NCT03168438,GlaxoSmithKline,Letetresgene autoleucel with pembrolizumab,PHASE1,TERMINATED,Neoplasms,2017-08-18,2020-11-05,GLAXOSMITHKLINE,letetresgene autoleucel with pembrolizumab,GSK,,,,,,True,Public pharma
NCT03168438,GlaxoSmithKline,Fludarabine,PHASE1,TERMINATED,Neoplasms,2017-08-18,2020-11-05,GLAXOSMITHKLINE,fludarabine,GSK,FLUDARABINE PHOSPHATE,Fludarabine Phosphate,"Lannett Company, Inc.",INTRAVENOUS,HUMAN PRESCRIPTION DRUG,True,Public pharma
NCT03168438,GlaxoSmithKline,Cyclophosphamide,PHASE1,TERMINATED,Neoplasms,2017-08-18,2020-11-05,GLAXOSMITHKLINE,cyclophosphamide,GSK,CYCLOPHOSPHAMIDE,CYCLOPHOSPHAMIDE,"XGen Pharmaceuticals DJB, Inc.",INTRAVENOUS,HUMAN PRESCRIPTION DRUG,True,Public pharma
NCT03168438,GlaxoSmithKline,Pembrolizumab,PHASE1,TERMINATED,Neoplasms,2017-08-18,2020-11-05,GLAXOSMITHKLINE,pembrolizumab,GSK,PEMBROLIZUMAB AND BERAHYALURONIDASE ALFA-PMPH,KEYTRUDA QLEX,Merck Sharp & Dohme LLC,SUBCUTANEOUS,HUMAN PRESCRIPTION DRUG,True,Public pharma
NCT07466758,Biruni University,Pharmaconutrition,PHASE2,COMPLETED,Myosteatosis; Sarcopenia,2024-10-16,2026-03-04,BIRUNI UNIVERSITY,pharmaconutrition,,,,,,,False,Academic / medical / govt
NCT04793958,Mirati Therapeutics Inc.,MRTX849,PHASE3,ACTIVE_NOT_RECRUITING,Advanced Colorectal Cancer; Metastatic Colorectal Cancer,2021-06-24,2026-01-30,MIRATI THERAPEUTICS,mrtx849,,,,,,,False,"Other (biotech, private, etc.)"
NCT04793958,Mirati Therapeutics Inc.,mFOLFOX6 Regimen,PHASE3,ACTIVE_NOT_RECRUITING,Advanced Colorectal Cancer; Metastatic Colorectal Cancer,2021-06-24,2026-01-30,MIRATI THERAPEUTICS,mfolfox6 regimen,,,,,,,False,"Other (biotech, private, etc.)"
NCT04793958,Mirati Therapeutics Inc.,FOLFIRI Regimen,PHASE3,ACTIVE_NOT_RECRUITING,Advanced Colorectal Cancer; Metastatic Colorectal Cancer,2021-06-24,2026-01-30,MIRATI THERAPEUTICS,folfiri regimen,,,,,,,False,"Other (biotech, private, etc.)"
NCT04351555,AstraZeneca,Osimertinib,PHASE3,ACTIVE_NOT_RECRUITING,Non-Small Cell Lung Cancer,2020-12-16,2029-06-13,ASTRAZENECA,osimertinib,AZN,OSIMERTINIB,TAGRISSO,AstraZeneca Pharmaceuticals LP,ORAL,HUMAN PRESCRIPTION DRUG,True,Public pharma
NCT04351555,AstraZeneca,Cisplatin,PHASE3,ACTIVE_NOT_RECRUITING,Non-Small Cell Lung Cancer,2020-12-16,2029-06-13,ASTRAZENECA,cisplatin,AZN,CISPLATIN,Cisplatin,Sagent Pharmaceuticals,INTRAVENOUS,HUMAN PRESCRIPTION DRUG,True,Public pharma
NCT04351555,AstraZeneca,Carboplatin,PHASE3,ACTIVE_NOT_RECRUITING,Non-Small Cell Lung Cancer,2020-12-16,2029-06-13,ASTRAZENECA,carboplatin,AZN,CARBOPLATIN,CARBOPLATIN,Apotex Corp.,INTRAVENOUS,HUMAN PRESCRIPTION DRUG,True,Public pharma
NCT04351555,AstraZeneca,Placebo,PHASE3,ACTIVE_NOT_RECRUITING,Non-Small Cell Lung Cancer,2020-12-16,2029-06-13,ASTRAZENECA,placebo,AZN,,,,,,True,Public pharma
NCT04351555,AstraZeneca,Pemetrexed,PHASE3,ACTIVE_NOT_RECRUITING,Non-Small Cell Lung Cancer,2020-12-16,2029-06-13,ASTRAZENECA,pemetrexed,AZN,PEMETREXED DISODIUM,PEMRYDI RTU,Amneal Pharmaceuticals LLC,INTRAVENOUS,HUMAN PRESCRIPTION DRUG,True,Public pharma
NCT03913455,"Shadia Jalal, MD",Guadecitabine,PHASE2,COMPLETED,Small Cell Lung Cancer; Extensive-stage Small Cell Lung Cancer,2019-06-06,2022-02-02,SHADIA JALAL MD,guadecitabine,,,,,,,False,"Other (biotech, private, etc.)"
NCT03913455,"Shadia Jalal, MD",Carboplatin,PHASE2,COMPLETED,Small Cell Lung Cancer; Extensive-stage Small Cell Lung Cancer,2019-06-06,2022-02-02,SHADIA JALAL MD,carboplatin,,CARBOPLATIN,CARBOPLATIN,Apotex Corp.,INTRAVENOUS,HUMAN PRESCRIPTION DRUG,False,"Other (biotech, private, etc.)"
NCT00399087,AEterna Zentaris,Perifosine,PHASE1,COMPLETED,Neoplasms,2004-11-01,2011-01-01,AETERNA ZENTARIS,perifosine,,,,,,,False,"Other (biotech, private, etc.)"
NCT00399087,AEterna Zentaris,Docetaxel,PHASE1,COMPLETED,Neoplasms,2004-11-01,2011-01-01,AETERNA ZENTARIS,docetaxel,,DOCETAXEL ANHYDROUS,Docetaxel,"Hospira, Inc.",INTRAVENOUS,HUMAN PRESCRIPTION DRUG,False,"Other (biotech, private, etc.)"
NCT00399087,AEterna Zentaris,Prednisone,PHASE1,COMPLETED,Neoplasms,2004-11-01,2011-01-01,AETERNA ZENTARIS,prednisone,,PREDNISONE,PredniSONE,A-S Medication Solutions,ORAL,HUMAN PRESCRIPTION DRUG,False,"Other (biotech, private, etc.)"
NCT04429087,Boehringer Ingelheim,BI 764532 - parenteral 1,PHASE1,RECRUITING,Patients With Small Cell Lung Carcinoma and Other Neoplasms,2020-07-29,2027-02-15,BOEHRINGER INGELHEIM,bi 764532 - parenteral 1,,,,,,,False,"Other (biotech, private, etc.)"
NCT04429087,Boehringer Ingelheim,BI 764532 - parenteral 2,PHASE1,RECRUITING,Patients With Small Cell Lung Carcinoma and Other Neoplasms,2020-07-29,2027-02-15,BOEHRINGER INGELHEIM,bi 764532 - parenteral 2,,,,,,,False,"Other (biotech, private, etc.)"
NCT01158521,Case Comprehensive Cancer Center,pazopanib hydrochloride,PHASE2,COMPLETED,Clear Cell Renal Cell Carcinoma; Stage I Renal Cell Cancer; Stage II Renal Cell Cancer; Stage III Renal Cell Cancer,2010-06-01,2016-01-01,CA COMPREHENSIVE CANCER CENTER,pazopanib,,PAZOPANIB,Pazopanib,"Golden State Medical Supply, Inc.",ORAL,HUMAN PRESCRIPTION DRUG,False,Academic / medical / govt
NCT04358406,BioAegis Therapeutics Inc.,Recombinant human plasma gelsolin (Rhu-pGSN),PHASE2,COMPLETED,Sars-CoV2,2020-07-30,2022-01-28,BIOAEGIS THERAPEUTICS,recombinant human plasma gelsolin rhu-pgsn,,,,,,,False,"Other (biotech, private, etc.)"
NCT01670084,Mayo Clinic,nilotinib,PHASE2,WITHDRAWN,"B-cell Adult Acute Lymphoblastic Leukemia; Blastic Phase Chronic Myelogenous Leukemia; Chronic Myelogenous Leukemia, BCR-ABL1 Positive; Philadelphia Chromosome Positive Adult Precursor Acute Lymphoblastic Leukemia; Untreated Adult Acute Lymphoblastic Leukemia",2012-12-01,2017-09-01,MAYO CLINIC,nilotinib,,NILOTINIB,nilotinib,Novadoz Pharmaceuticals LLC,ORAL,HUMAN PRESCRIPTION DRUG,False,Academic / medical / govt
NCT01670084,Mayo Clinic,cyclophosphamide,PHASE2,WITHDRAWN,"B-cell Adult Acute Lymphoblastic Leukemia; Blastic Phase Chronic Myelogenous Leukemia; Chronic Myelogenous Leukemia, BCR-ABL1 Positive; Philadelphia Chromosome Positive Adult Precursor Acute Lymphoblastic Leukemia; Untreated Adult Acute Lymphoblastic Leukemia",2012-12-01,2017-09-01,MAYO CLINIC,cyclophosphamide,,CYCLOPHOSPHAMIDE,CYCLOPHOSPHAMIDE,"XGen Pharmaceuticals DJB, Inc.",INTRAVENOUS,HUMAN PRESCRIPTION DRUG,False,Academic / medical / govt
NCT01670084,Mayo Clinic,doxorubicin hydrochloride,PHASE2,WITHDRAWN,"B-cell Adult Acute Lymphoblastic Leukemia; Blastic Phase Chronic Myelogenous Leukemia; Chronic Myelogenous Leukemia, BCR-ABL1 Positive; Philadelphia Chromosome Positive Adult Precursor Acute Lymphoblastic Leukemia; Untreated Adult Acute Lymphoblastic Leukemia",2012-12-01,2017-09-01,MAYO CLINIC,doxorubicin,,DOXORUBICIN HYDROCHLORIDE,Doxorubicin Hydrochloride,Pfizer Laboratories Div Pfizer Inc,INTRAVENOUS,HUMAN PRESCRIPTION DRUG,False,Academic / medical / govt
NCT01670084,Mayo Clinic,vincristine sulfate,PHASE2,WITHDRAWN,"B-cell Adult Acute Lymphoblastic Leukemia; Blastic Phase Chronic Myelogenous Leukemia; Chronic Myelogenous Leukemia, BCR-ABL1 Positive; Philadelphia Chromosome Positive Adult Precursor Acute Lymphoblastic Leukemia; Untreated Adult Acute Lymphoblastic Leukemia",2012-12-01,2017-09-01,MAYO CLINIC,vincristine,,VINCRISTINE SULFATE,VinCRIStine Sulfate,"Hospira, Inc.",INTRAVENOUS,HUMAN PRESCRIPTION DRUG,False,Academic / medical / govt
NCT01670084,Mayo Clinic,methotrexate,PHASE2,WITHDRAWN,"B-cell Adult Acute Lymphoblastic Leukemia; Blastic Phase Chronic Myelogenous Leukemia; Chronic Myelogenous Leukemia, BCR-ABL1 Positive; Philadelphia Chromosome Positive Adult Precursor Acute Lymphoblastic Leukemia; Untreated Adult Acute Lymphoblastic Leukemia",2012-12-01,2017-09-01,MAYO CLINIC,methotrexate,,METHOTREXATE,METHOTREXATE,Alembic Pharmaceuticals Inc.,ORAL,HUMAN PRESCRIPTION DRUG,False,Academic / medical / govt
NCT01670084,Mayo Clinic,cytarabine,PHASE2,WITHDRAWN,"B-cell Adult Acute Lymphoblastic Leukemia; Blastic Phase Chronic Myelogenous Leukemia; Chronic Myelogenous Leukemia, BCR-ABL1 Positive; Philadelphia Chromosome Positive Adult Precursor Acute Lymphoblastic Leukemia; Untreated Adult Acute Lymphoblastic Leukemia",2012-12-01,2017-09-01,MAYO CLINIC,cytarabine,,CYTARABINE,Cytarabine,Meitheal Pharmaceuticals Inc.,INTRAVENOUS,HUMAN PRESCRIPTION DRUG,False,Academic / medical / govt
NCT01670084,Mayo Clinic,prednisone,PHASE2,WITHDRAWN,"B-cell Adult Acute Lymphoblastic Leukemia; Blastic Phase Chronic Myelogenous Leukemia; Chronic Myelogenous Leukemia, BCR-ABL1 Positive; Philadelphia Chromosome Positive Adult Precursor Acute Lymphoblastic Leukemia; Untreated Adult Acute Lymphoblastic Leukemia",2012-12-01,2017-09-01,MAYO CLINIC,prednisone,,PREDNISONE,PredniSONE,A-S Medication Solutions,ORAL,HUMAN PRESCRIPTION DRUG,False,Academic / medical / govt
NCT01670084,Mayo Clinic,mesna,PHASE2,WITHDRAWN,"B-cell Adult Acute Lymphoblastic Leukemia; Blastic Phase Chronic Myelogenous Leukemia; Chronic Myelogenous Leukemia, BCR-ABL1 Positive; Philadelphia Chromosome Positive Adult Precursor Acute Lymphoblastic Leukemia; Untreated Adult Acute Lymphoblastic Leukemia",2012-12-01,2017-09-01,MAYO CLINIC,mesna,,MESNA,MESNEX,Bamboo US Bidco LCC,INTRAVENOUS,HUMAN PRESCRIPTION DRUG,False,Academic / medical / govt
NCT01670084,Mayo Clinic,dexamethasone,PHASE2,WITHDRAWN,"B-cell Adult Acute Lymphoblastic Leukemia; Blastic Phase Chronic Myelogenous Leukemia; Chronic Myelogenous Leukemia, BCR-ABL1 Positive; Philadelphia Chromosome Positive Adult Precursor Acute Lymphoblastic Leukemia; Untreated Adult Acute Lymphoblastic Leukemia",2012-12-01,2017-09-01,MAYO CLINIC,dexamethasone,,DEXAMETHASONE,Dexamethasone,"Advanced Rx Pharmacy of Tennessee, LLC",ORAL,HUMAN PRESCRIPTION DRUG,False,Academic / medical / govt
NCT01670084,Mayo Clinic,leucovorin calcium,PHASE2,WITHDRAWN,"B-cell Adult Acute Lymphoblastic Leukemia; Blastic Phase Chronic Myelogenous Leukemia; Chronic Myelogenous Leukemia, BCR-ABL1 Positive; Philadelphia Chromosome Positive Adult Precursor Acute Lymphoblastic Leukemia; Untreated Adult Acute Lymphoblastic Leukemia",2012-12-01,2017-09-01,MAYO CLINIC,leucovorin calcium,,LEUCOVORIN CALCIUM,LEUCOVORIN CALCIUM,Mylan Institutional LLC,INTRAMUSCULAR,HUMAN PRESCRIPTION DRUG,False,Academic / medical / govt
NCT06362252,Daiichi Sankyo,Ifinatamab deruxtecan,PHASE1,RECRUITING,Extensive Stage-small Cell Lung Cancer,2024-07-22,2026-12-30,DAIICHI SANKYO,ifinatamab deruxtecan,DSNKY,,,,,,True,Public pharma
NCT06362252,Daiichi Sankyo,Atezolizumab,PHASE1,RECRUITING,Extensive Stage-small Cell Lung Cancer,2024-07-22,2026-12-30,DAIICHI SANKYO,atezolizumab,DSNKY,ATEZOLIZUMAB,TECENTRIQ,"Genentech, Inc.",INTRAVENOUS,HUMAN PRESCRIPTION DRUG,True,Public pharma
NCT06362252,Daiichi Sankyo,Carboplatin,PHASE1,RECRUITING,Extensive Stage-small Cell Lung Cancer,2024-07-22,2026-12-30,DAIICHI SANKYO,carboplatin,DSNKY,CARBOPLATIN,CARBOPLATIN,Apotex Corp.,INTRAVENOUS,HUMAN PRESCRIPTION DRUG,True,Public pharma
NCT06757647,Seema Bhat,Acalabrutinib,PHASE2,RECRUITING,Chronic Lymphocytic Leukemia/Small Lymphocytic Lymphoma,2025-05-27,2027-12-31,SEEMA BHAT,acalabrutinib,,ACALABRUTINIB,CALQUENCE,AstraZeneca Pharmaceuticals LP,ORAL,HUMAN PRESCRIPTION DRUG,False,"Other (biotech, private, etc.)"
NCT00008047,GERCOR - Multidisciplinary Oncology Cooperative Group,fluorouracil,PHASE1,UNKNOWN,Esophageal Cancer,1999-08-01,,GERCOR MULTIDISCIPLINARY ONCOLOGY COOPERATIVE GROUP,fluorouracil,,FLUOROURACIL,FLUOROURACIL,Mayne Pharma Inc.,TOPICAL,HUMAN PRESCRIPTION DRUG,False,"Other (biotech, private, etc.)"
NCT00008047,GERCOR - Multidisciplinary Oncology Cooperative Group,hydroxyurea,PHASE1,UNKNOWN,Esophageal Cancer,1999-08-01,,GERCOR MULTIDISCIPLINARY ONCOLOGY COOPERATIVE GROUP,hydroxyurea,,HYDROXYUREA,HYDROXYUREA,"Golden State Medical Supply, Inc.",ORAL,HUMAN PRESCRIPTION DRUG,False,"Other (biotech, private, etc.)"
NCT00008047,GERCOR - Multidisciplinary Oncology Cooperative Group,paclitaxel,PHASE1,UNKNOWN,Esophageal Cancer,1999-08-01,,GERCOR MULTIDISCIPLINARY ONCOLOGY COOPERATIVE GROUP,paclitaxel,,PACLITAXEL,Paclitaxel,Alembic Pharmaceuticals Inc.,INTRAVENOUS,HUMAN PRESCRIPTION DRUG,False,"Other (biotech, private, etc.)"
NCT00991952,National Cancer Institute (NCI),alvocidib,PHASE2,COMPLETED,Adenocarcinoma of the Gastroesophageal Junction; Diffuse Adenocarcinoma of the Stomach; Intestinal Adenocarcinoma of the Stomach; Mixed Adenocarcinoma of the Stomach; Recurrent Gastric Cancer; Stage IIIA Gastric Cancer; Stage IIIB Gastric Cancer; Stage IIIC Gastric Cancer; Stage IV Gastric Cancer,2009-09-01,2014-04-01,NATIONAL CANCER INSTITUTE NCI,alvocidib,,,,,,,False,Academic / medical / govt
NCT00991952,National Cancer Institute (NCI),irinotecan hydrochloride,PHASE2,COMPLETED,Adenocarcinoma of the Gastroesophageal Junction; Diffuse Adenocarcinoma of the Stomach; Intestinal Adenocarcinoma of the Stomach; Mixed Adenocarcinoma of the Stomach; Recurrent Gastric Cancer; Stage IIIA Gastric Cancer; Stage IIIB Gastric Cancer; Stage IIIC Gastric Cancer; Stage IV Gastric Cancer,2009-09-01,2014-04-01,NATIONAL CANCER INSTITUTE NCI,irinotecan,,IRINOTECAN HYDROCHLORIDE,Irinotecan Hydrochloride 100 mg/5 mL,Armas Pharmaceuticals Inc.,INTRAVENOUS,HUMAN PRESCRIPTION DRUG,False,Academic / medical / govt
NCT00811447,Sanofi,5-fluorouracil,PHASE3,COMPLETED,Stomach Neoplasms,2008-11-01,2012-06-01,SANOFI,5-fluorouracil,SNY,,,,,,True,Public pharma
NCT00811447,Sanofi,Cisplatin,PHASE3,COMPLETED,Stomach Neoplasms,2008-11-01,2012-06-01,SANOFI,cisplatin,SNY,CISPLATIN,Cisplatin,Sagent Pharmaceuticals,INTRAVENOUS,HUMAN PRESCRIPTION DRUG,True,Public pharma
NCT00811447,Sanofi,Docetaxel,PHASE3,COMPLETED,Stomach Neoplasms,2008-11-01,2012-06-01,SANOFI,docetaxel,SNY,DOCETAXEL ANHYDROUS,Docetaxel,"Hospira, Inc.",INTRAVENOUS,HUMAN PRESCRIPTION DRUG,True,Public pharma
NCT02908347,MetrioPharm AG,MP1032,PHASE2,COMPLETED,Psoriasis; Plaque Psoriasis,2016-05-01,2017-02-01,METRIOPHARM,mp1032,,,,,,,False,"Other (biotech, private, etc.)"
NCT02908347,MetrioPharm AG,Placebo,PHASE2,COMPLETED,Psoriasis; Plaque Psoriasis,2016-05-01,2017-02-01,METRIOPHARM,placebo,,,,,,,False,"Other (biotech, private, etc.)"
NCT05993858,"Union Hospital, Tongji Medical College, Huazhong University of Science and Technology",3cycles (Toripalimab + cetuximab),PHASE2,NOT_YET_RECRUITING,Head and Neck Squamous Cell Carcinoma; Neoadjuvant Therapy,2023-10-20,2026-12-20,UNION HOSPITAL TONGJI MEDICAL COLLEGE HUAZHONG UNIVERSITY OF SCIENCE AND TECHNOLOGY,3cycles toripalimab cetuximab,,,,,,,False,Academic / medical / govt
NCT03506048,Emory University,Lenvatinib,PHASE2,TERMINATED,Differentiated Thyroid Gland Carcinoma; Thyroid Gland Follicular Carcinoma; Thyroid Gland Papillary Carcinoma,2019-01-16,2021-06-24,EMORY UNIVERSITY,lenvatinib,,LENVATINIB,Lenvima,Eisai Inc.,ORAL,HUMAN PRESCRIPTION DRUG,False,Academic / medical / govt
NCT00274755,"University of California, San Francisco",chemotherapy,PHASE2,COMPLETED,Brain and Central Nervous System Tumors,2003-11-01,,UNIVERSITY OF CALIFORNIA SAN FRANCIS,chemotherapy,,,,,,,False,Academic / medical / govt
NCT02590055,Samsung Medical Center,gemcitabine/docetaxel combination,PHASE2,UNKNOWN,Carcinoma of Unknown Primary,2015-10-01,2019-09-01,SAMSUNG MEDICAL CENTER,gemcitabine docetaxel combination,,,,,,,False,Academic / medical / govt
NCT04956926,"Shanghai Junshi Bioscience Co., Ltd.",JS201,PHASE1,UNKNOWN,Patients With Advanced Malignant Tumors,2021-07-29,2023-07-07,SHANGHAI JUNSHI BIOSCIENCE,js201,,,,,,,False,"Other (biotech, private, etc.)"
NCT01995578,Memorial Sloan Kettering Cancer Center,low dose 5'-azacitidine,PHASE2,COMPLETED,Myelodysplastic Syndromes (MDS); Acute Myelogenous Leukemia (AML),2013-12-01,2023-09-27,MEMORIAL SLOAN KETTERING CANCER CENTER,low dose 5 -azacitidine,,,,,,,False,Academic / medical / govt
NCT04460508,The First Hospital of Jilin University,Pegylated rhG-CSF,PHASE2,UNKNOWN,Chemotherapy-induced Neutropenia; Lymphoma,2020-12-20,2023-03-20,THE FIRST HOSPITAL OF JILIN UNIVERSITY,pegylated rhg-csf,,,,,,,False,Academic / medical / govt
NCT04460508,The First Hospital of Jilin University,rhG-CSF,PHASE2,UNKNOWN,Chemotherapy-induced Neutropenia; Lymphoma,2020-12-20,2023-03-20,THE FIRST HOSPITAL OF JILIN UNIVERSITY,rhg-csf,,,,,,,False,Academic / medical / govt
NCT00060476,Merck Sharp & Dohme LLC,rofecoxib,PHASE3,COMPLETED,Prostate Cancer,2003-01-08,2004-12-08,MERCK SHARP DOHME,rofecoxib,MRK,,,,,,True,Public pharma
NCT00060476,Merck Sharp & Dohme LLC,Comparator: placebo (unspecified),PHASE3,COMPLETED,Prostate Cancer,2003-01-08,2004-12-08,MERCK SHARP DOHME,comparator placebo unspecified,MRK,,,,,,True,Public pharma
NCT07522476,Virogin Biotech Ltd.,VG2025,PHASE2,NOT_YET_RECRUITING,Intrahepatic Cholangiocarcinoma,2026-07-01,2028-11-13,VIROGIN BIOTECH,vg2025,,,,,,,False,"Other (biotech, private, etc.)"
NCT00112476,National Cancer Institute (NCI),bryostatin 1,PHASE1,COMPLETED,"Recurrent Melanoma; Recurrent Renal Cell Cancer; Stage IV Melanoma; Stage IV Renal Cell Cancer; Unspecified Adult Solid Tumor, Protocol Specific",2005-03-01,,NATIONAL CANCER INSTITUTE NCI,bryostatin 1,,,,,,,False,Academic / medical / govt
NCT00112476,National Cancer Institute (NCI),temsirolimus,PHASE1,COMPLETED,"Recurrent Melanoma; Recurrent Renal Cell Cancer; Stage IV Melanoma; Stage IV Renal Cell Cancer; Unspecified Adult Solid Tumor, Protocol Specific",2005-03-01,,NATIONAL CANCER INSTITUTE NCI,temsirolimus,,TEMSIROLIMUS,Temsirolimus,"Fresenius Kabi USA, LLC",INTRAVENOUS,HUMAN PRESCRIPTION DRUG,False,Academic / medical / govt
NCT04572776,"Sorrento Therapeutics, Inc.",Resiniferatoxin,PHASE3,WITHDRAWN,"Pain, Intractable; Pain Cancer",2020-12-01,2023-03-01,SORRENTO THERAPEUTICS,resiniferatoxin,,,,,,,False,"Other (biotech, private, etc.)"
NCT05044117,Sun Yat-sen University,Capecitabine,PHASE3,RECRUITING,Head and Neck Squamous Cell Carcinoma,2021-10-18,2026-10-01,SUN YAT SEN UNIVERSITY,capecitabine,,CAPECITABINE,capecitabine,Dr. Reddy's Laboratories Limited,ORAL,HUMAN PRESCRIPTION DRUG,False,Academic / medical / govt
NCT01642017,Institut Claudius Regaud,Pazopanib,PHASE1,TERMINATED,Metastatic Cancer (Different Solid Tumour Types),2012-11-22,2018-03-01,INSTITUT CLAUDIUS REGAUD,pazopanib,,PAZOPANIB,Pazopanib,"Golden State Medical Supply, Inc.",ORAL,HUMAN PRESCRIPTION DRUG,False,"Other (biotech, private, etc.)"
NCT03251417,Peking University,Irinotecan,PHASE2,TERMINATED,Esophageal Squamous Cell Carcinoma,2017-09-10,2021-04-25,PEKING UNIVERSITY,irinotecan,,IRINOTECAN HYDROCHLORIDE,Irinotecan Hydrochloride 100 mg/5 mL,Armas Pharmaceuticals Inc.,INTRAVENOUS,HUMAN PRESCRIPTION DRUG,False,Academic / medical / govt
NCT03251417,Peking University,Apatinib,PHASE2,TERMINATED,Esophageal Squamous Cell Carcinoma,2017-09-10,2021-04-25,PEKING UNIVERSITY,apatinib,,,,,,,False,Academic / medical / govt
NCT02154789,University of Edinburgh,polidocanol,PHASE4,TERMINATED,Ganglion Cysts,2015-07-27,2015-10-01,UNIVERSITY OF EDINBURGH,polidocanol,,POLIDOCANOL,Asclera,"Methapharm, Inc",INTRAVENOUS,HUMAN PRESCRIPTION DRUG,False,Academic / medical / govt
NCT02598687,Maastricht Radiation Oncology,TH-302,PHASE1,WITHDRAWN,Esophageal Cancer,2015-12-01,2016-04-01,MAASTRICHT RADIATION ONCOLOGY,th-302,,,,,,,False,"Other (biotech, private, etc.)"
NCT02598687,Maastricht Radiation Oncology,Carboplatin,PHASE1,WITHDRAWN,Esophageal Cancer,2015-12-01,2016-04-01,MAASTRICHT RADIATION ONCOLOGY,carboplatin,,CARBOPLATIN,CARBOPLATIN,Apotex Corp.,INTRAVENOUS,HUMAN PRESCRIPTION DRUG,False,"Other (biotech, private, etc.)"
NCT02598687,Maastricht Radiation Oncology,Paclitaxel,PHASE1,WITHDRAWN,Esophageal Cancer,2015-12-01,2016-04-01,MAASTRICHT RADIATION ONCOLOGY,paclitaxel,,PACLITAXEL,Paclitaxel,Alembic Pharmaceuticals Inc.,INTRAVENOUS,HUMAN PRESCRIPTION DRUG,False,"Other (biotech, private, etc.)"
NCT04965493,"Loxo Oncology, Inc.",Pirtobrutinib,PHASE3,ACTIVE_NOT_RECRUITING,Chronic Lymphocytic Leukemia; Small Lymphocytic Lymphoma,2021-09-20,2027-10-01,LOXO ONCOLOGY,pirtobrutinib,,PIRTOBRUTINIB,JAYPIRCA,Eli Lilly and Company,ORAL,HUMAN PRESCRIPTION DRUG,False,"Other (biotech, private, etc.)"
NCT04965493,"Loxo Oncology, Inc.",Venetoclax,PHASE3,ACTIVE_NOT_RECRUITING,Chronic Lymphocytic Leukemia; Small Lymphocytic Lymphoma,2021-09-20,2027-10-01,LOXO ONCOLOGY,venetoclax,,VENETOCLAX,Venclexta,AbbVie Inc.,ORAL,HUMAN PRESCRIPTION DRUG,False,"Other (biotech, private, etc.)"
NCT04965493,"Loxo Oncology, Inc.",Rituximab,PHASE3,ACTIVE_NOT_RECRUITING,Chronic Lymphocytic Leukemia; Small Lymphocytic Lymphoma,2021-09-20,2027-10-01,LOXO ONCOLOGY,rituximab,,RITUXIMAB AND HYALURONIDASE,Rituxan Hycela,"Genentech, Inc.",SUBCUTANEOUS,HUMAN PRESCRIPTION DRUG,False,"Other (biotech, private, etc.)"
NCT00108121,Peplin,PEP005,PHASE2,COMPLETED,Basal Cell Carcinoma,2005-03-01,2006-05-01,PEPLIN,pep005,,,,,,,False,"Other (biotech, private, etc.)"
NCT07223814,Stichting Hemato-Oncologie voor Volwassenen Nederland,Bleximenib,PHASE3,RECRUITING,Acute Myeloid Leukemia,2026-03-01,2033-12-01,STICHTING HEMATO ONCOLOGIE VOOR VOLWASSENEN NEDERLAND,bleximenib,,,,,,,False,"Other (biotech, private, etc.)"
NCT07223814,Stichting Hemato-Oncologie voor Volwassenen Nederland,Cytarabine,PHASE3,RECRUITING,Acute Myeloid Leukemia,2026-03-01,2033-12-01,STICHTING HEMATO ONCOLOGIE VOOR VOLWASSENEN NEDERLAND,cytarabine,,CYTARABINE,Cytarabine,Meitheal Pharmaceuticals Inc.,INTRAVENOUS,HUMAN PRESCRIPTION DRUG,False,"Other (biotech, private, etc.)"
NCT07223814,Stichting Hemato-Oncologie voor Volwassenen Nederland,Daunorubicin or Idarubicin,PHASE3,RECRUITING,Acute Myeloid Leukemia,2026-03-01,2033-12-01,STICHTING HEMATO ONCOLOGIE VOOR VOLWASSENEN NEDERLAND,daunorubicin or idarubicin,,,,,,,False,"Other (biotech, private, etc.)"
NCT07223814,Stichting Hemato-Oncologie voor Volwassenen Nederland,Placebo,PHASE3,RECRUITING,Acute Myeloid Leukemia,2026-03-01,2033-12-01,STICHTING HEMATO ONCOLOGIE VOOR VOLWASSENEN NEDERLAND,placebo,,,,,,,False,"Other (biotech, private, etc.)"
NCT04665921,Seagen Inc.,SGN-STNV,PHASE1,TERMINATED,"Carcinoma, Non-Small Cell Lung; HER2 Negative Breast Neoplasms; Ovarian Neoplasms; Uterine Cervical Neoplasms; Endometrial Neoplasms; Esophageal Neoplasms; Gastroesophageal Junction Carcinoma; Stomach Neoplasms; Colorectal Neoplasms; Exocrine Pancreatic Adenocarcinoma; Appendiceal Adenocarcinoma; Pseudomyxoma Peritonei",2021-01-18,2024-03-01,SEAGEN,sgn-stnv,SGEN,,,,,,True,Public pharma
NCT02640833,AbbVie,Duvelisib,PHASE1,WITHDRAWN,Chronic Lymphocytic Leukemia; Small Lymphocytic Lymphoma; Non-Hodgkin Lymphoma,2016-07-01,2021-02-01,ABBVIE,duvelisib,ABBV,DUVELISIB,COPIKTRA,"Secura Bio, Inc",ORAL,HUMAN PRESCRIPTION DRUG,True,Public pharma
NCT02640833,AbbVie,Venetoclax,PHASE1,WITHDRAWN,Chronic Lymphocytic Leukemia; Small Lymphocytic Lymphoma; Non-Hodgkin Lymphoma,2016-07-01,2021-02-01,ABBVIE,venetoclax,ABBV,VENETOCLAX,Venclexta,AbbVie Inc.,ORAL,HUMAN PRESCRIPTION DRUG,True,Public pharma
NCT00442533,Radio Isotope Therapy of America,Indium-111 pentetreotide,PHASE2,COMPLETED,Neuroendocrine Tumors,2005-08-01,2015-12-28,RADIO ISOTOPE THERAPY OF AMERICA,indium-111 pentetreotide,,,,,,,False,"Other (biotech, private, etc.)"
NCT05475184,Onconic Therapeutics Inc.,JPI-547,PHASE2,ACTIVE_NOT_RECRUITING,Ovarian Cancer,2022-08-31,2025-06-01,ONCONIC THERAPEUTICS,jpi-547,,,,,,,False,"Other (biotech, private, etc.)"
NCT03017833,M.D. Anderson Cancer Center,Metformin,PHASE1,COMPLETED,Advanced Malignant Solid Neoplasm; Metastatic Malignant Solid Neoplasm; Recurrent Malignant Solid Neoplasm; Refractory Neoplasm,2018-03-12,2022-12-21,M D ANDERSON CANCER CENTER,metformin,,SITAGLIPTIN AND METFORMIN HYDROCHLORIDE,ZITUVIMET,Zydus Lifesciences Limited,ORAL,HUMAN PRESCRIPTION DRUG,False,Academic / medical / govt
NCT03017833,M.D. Anderson Cancer Center,Sapanisertib,PHASE1,COMPLETED,Advanced Malignant Solid Neoplasm; Metastatic Malignant Solid Neoplasm; Recurrent Malignant Solid Neoplasm; Refractory Neoplasm,2018-03-12,2022-12-21,M D ANDERSON CANCER CENTER,sapanisertib,,,,,,,False,Academic / medical / govt
NCT00002733,Hoag Memorial Hospital Presbyterian,cimetidine,PHASE2,COMPLETED,"Kidney Cancer; Melanoma (Skin); Unspecified Adult Solid Tumor, Protocol Specific",1996-01-01,2000-01-01,HO MEMORIAL HOSPITAL PRESBYTERIAN,cimetidine,,CIMETIDINE,CIMETIDINE,"Chartwell RX, LLC",ORAL,HUMAN PRESCRIPTION DRUG,False,Academic / medical / govt
NCT06175338,"Mabscale, LLC",Rituximab,PHASE1,ACTIVE_NOT_RECRUITING,Rheumatoid Arthritis,2023-06-14,2025-04-01,MABSCALE,rituximab,,RITUXIMAB AND HYALURONIDASE,Rituxan Hycela,"Genentech, Inc.",SUBCUTANEOUS,HUMAN PRESCRIPTION DRUG,False,"Other (biotech, private, etc.)"
NCT06175338,"Mabscale, LLC",MabThera®,PHASE1,ACTIVE_NOT_RECRUITING,Rheumatoid Arthritis,2023-06-14,2025-04-01,MABSCALE,mabthera,,,,,,,False,"Other (biotech, private, etc.)"
NCT04799548,Shanghai Zhongshan Hospital,Transcatheter Arterial Chemoembolization,PHASE2,RECRUITING,Advanced Gastric Cancer,2021-12-30,2026-01-01,SHANGHAI ZHONGSHAN HOSPITAL,transcatheter arterial chemoembolization,,,,,,,False,Academic / medical / govt
NCT04799548,Shanghai Zhongshan Hospital,Tislelizumab,PHASE2,RECRUITING,Advanced Gastric Cancer,2021-12-30,2026-01-01,SHANGHAI ZHONGSHAN HOSPITAL,tislelizumab,,TISLELIZUMAB-JSGR,TEVIMBRA,"BeOne Medicines USA, Inc.",INTRAVENOUS,HUMAN PRESCRIPTION DRUG,False,Academic / medical / govt
NCT00145626,St. Jude Children's Research Hospital,Chemotherapy and antibodies,PHASE2,COMPLETED,Acute Myeloid Leukemia; Acute Lymphocytic Leukemia; Myelodysplasia; Chronic Myeloid Leukemia; Histiocytosis,2004-05-01,2016-07-01,ST JUDE CHILDREN S RESEARCH HOSPITAL,chemotherapy and antibodies,,,,,,,False,Academic / medical / govt
NCT00293085,Central European Cooperative Oncology Group,Docetaxel,PHASE2,COMPLETED,Non-Small Cell Lung Cancer,2001-12-01,2003-09-01,CENTRAL EUROPEAN COOPERATIVE ONCOLOGY GROUP,docetaxel,,DOCETAXEL ANHYDROUS,Docetaxel,"Hospira, Inc.",INTRAVENOUS,HUMAN PRESCRIPTION DRUG,False,"Other (biotech, private, etc.)"
NCT06681285,Hebei Medical University Fourth Hospital,Cadonilimab ;Anlotinib,PHASE2,NOT_YET_RECRUITING,Esophageal Carcinoma,2024-11-01,2028-12-31,HEBEI MEDICAL UNIVERSITY FOURTH HOSPITAL,cadonilimab anlotinib,,,,,,,False,Academic / medical / govt
NCT03990285,Ali Nabavizadeh,"Axumin, Intravenous Solution",PHASE1,COMPLETED,Glioma Glioblastoma Multiforme,2019-06-12,2021-11-18,ALI NABAVIZADEH,axumin intravenous solution,,,,,,,False,"Other (biotech, private, etc.)"
NCT05221385,"Changchun GeneScience Pharmaceutical Co., Ltd.",Gentulizumab,PHASE1,TERMINATED,Solid Tumor; Non-Hodgkin Lymphoma,2021-04-12,2023-10-27,CHANGCHUN GENESCIENCE PHARMACEUTICAL,gentulizumab,,,,,,,False,"Other (biotech, private, etc.)"
NCT00100243,PRAECIS Pharmaceuticals Inc.,Plenaxis,PHASE2,COMPLETED,Prostate Cancer,2004-05-01,2005-09-01,PRAECIS PHARMACEUTICALS,plenaxis,,,,,,,False,"Other (biotech, private, etc.)"
NCT02948543,University of Sydney,Mitomycin (MM),PHASE3,UNKNOWN,Bladder Cancer,2013-07-01,2024-12-01,UNIVERSITY OF SYDNEY,mitomycin mm,,,,,,,False,Academic / medical / govt
NCT07123415,"Aptabio Therapeutics, Inc.",APX-343A,PHASE1,RECRUITING,Advanced Solid Cancer; Advanced Solid Tumor (Phase 1),2025-10-24,2028-12-01,APTABIO THERAPEUTICS,apx-343a,,,,,,,False,"Other (biotech, private, etc.)"
NCT07123415,"Aptabio Therapeutics, Inc.",Pembrolizumab,PHASE1,RECRUITING,Advanced Solid Cancer; Advanced Solid Tumor (Phase 1),2025-10-24,2028-12-01,APTABIO THERAPEUTICS,pembrolizumab,,PEMBROLIZUMAB AND BERAHYALURONIDASE ALFA-PMPH,KEYTRUDA QLEX,Merck Sharp & Dohme LLC,SUBCUTANEOUS,HUMAN PRESCRIPTION DRUG,False,"Other (biotech, private, etc.)"
NCT05920135,"Bridge Biotherapeutics, Inc.",BBT-207,PHASE1,ACTIVE_NOT_RECRUITING,EGFR Mutant Advanced Non-Small Cell Lung Cancer,2023-09-11,2028-08-01,BRIDGE BIOTHERAPEUTICS,bbt-207,,,,,,,False,"Other (biotech, private, etc.)"
NCT02974725,Novartis Pharmaceuticals,LXH254,PHASE1,TERMINATED,Non-Small Cell Lung Cancer; Melanoma,2017-02-24,2024-04-24,NOVARTIS PHARMACEUTICALS,lxh254,NVS,,,,,,True,Public pharma
NCT02974725,Novartis Pharmaceuticals,LTT462,PHASE1,TERMINATED,Non-Small Cell Lung Cancer; Melanoma,2017-02-24,2024-04-24,NOVARTIS PHARMACEUTICALS,ltt462,NVS,,,,,,True,Public pharma
NCT02974725,Novartis Pharmaceuticals,Trametinib,PHASE1,TERMINATED,Non-Small Cell Lung Cancer; Melanoma,2017-02-24,2024-04-24,NOVARTIS PHARMACEUTICALS,trametinib,NVS,TRAMETINIB,Mekinist,Novartis Pharmaceuticals Corporation,ORAL,HUMAN PRESCRIPTION DRUG,True,Public pharma
NCT02974725,Novartis Pharmaceuticals,Ribociclib,PHASE1,TERMINATED,Non-Small Cell Lung Cancer; Melanoma,2017-02-24,2024-04-24,NOVARTIS PHARMACEUTICALS,ribociclib,NVS,LETROZOLE AND RIBOCICLIB,KISQALI FEMARA CO-PACK,Novartis Pharmaceuticals Corporation,,HUMAN PRESCRIPTION DRUG,True,Public pharma
NCT02783625,Memorial Sloan Kettering Cancer Center,Romidepsin,PHASE1,ACTIVE_NOT_RECRUITING,Lymphoma; Relapsed/Refractory T-cell Lymphomas,2016-05-01,2026-05-01,MEMORIAL SLOAN KETTERING CANCER CENTER,romidepsin,,ROMIDEPSIN,ISTODAX,Celgene Corporation,,HUMAN PRESCRIPTION DRUG,False,Academic / medical / govt
NCT02783625,Memorial Sloan Kettering Cancer Center,Bortezomib,PHASE1,ACTIVE_NOT_RECRUITING,Lymphoma; Relapsed/Refractory T-cell Lymphomas,2016-05-01,2026-05-01,MEMORIAL SLOAN KETTERING CANCER CENTER,bortezomib,,BORTEZOMIB,Bortezomib,"Camber Pharmaceuticals, Inc.",INTRAVENOUS,HUMAN PRESCRIPTION DRUG,False,Academic / medical / govt
NCT02783625,Memorial Sloan Kettering Cancer Center,duvelisib,PHASE1,ACTIVE_NOT_RECRUITING,Lymphoma; Relapsed/Refractory T-cell Lymphomas,2016-05-01,2026-05-01,MEMORIAL SLOAN KETTERING CANCER CENTER,duvelisib,,DUVELISIB,COPIKTRA,"Secura Bio, Inc",ORAL,HUMAN PRESCRIPTION DRUG,False,Academic / medical / govt
NCT06037317,Shouyao Holdings (Beijing) Co. LTD,SY-3505,PHASE1,RECRUITING,Advanced Solid Tumor,2024-05-30,2026-05-30,SHOUYAO HOLDINGS BEIJING,sy-3505,,,,,,,False,"Other (biotech, private, etc.)"
NCT07286240,Affiliated Cancer Hospital & Institute of Guangzhou Medical University,QL1706 plus chemotherapy and anlotinib regimen,PHASE2,RECRUITING,Treatment of Recurrent Ovarian Cancer,2025-11-15,2028-03-30,AFFILIATED CANCER HOSPITAL INSTITUTE OF GUANGZHOU MEDICAL UNIVERSITY,ql1706 plus chemotherapy and anlotinib regimen,,,,,,,False,Academic / medical / govt
NCT00532389,Novartis Pharmaceuticals,LBH589,PHASE1,COMPLETED,Multiple Myeloma,2007-10-01,2013-10-01,NOVARTIS PHARMACEUTICALS,lbh589,NVS,,,,,,True,Public pharma
NCT06166589,Shanghai Zhongshan Hospital,Zimberelimab,PHASE2,NOT_YET_RECRUITING,Previously AG Chemotherapy Treated Pancreatic Cancer,2024-01-01,2027-01-01,SHANGHAI ZHONGSHAN HOSPITAL,zimberelimab,,,,,,,False,Academic / medical / govt
NCT06166589,Shanghai Zhongshan Hospital,Oxaliplatin,PHASE2,NOT_YET_RECRUITING,Previously AG Chemotherapy Treated Pancreatic Cancer,2024-01-01,2027-01-01,SHANGHAI ZHONGSHAN HOSPITAL,oxaliplatin,,OXALIPLATIN,Oxaliplatin,Meitheal Pharmaceuticals Inc.,INTRAVENOUS,HUMAN PRESCRIPTION DRUG,False,Academic / medical / govt
NCT06166589,Shanghai Zhongshan Hospital,S-1,PHASE2,NOT_YET_RECRUITING,Previously AG Chemotherapy Treated Pancreatic Cancer,2024-01-01,2027-01-01,SHANGHAI ZHONGSHAN HOSPITAL,s-1,,,,,,,False,Academic / medical / govt
NCT06166589,Shanghai Zhongshan Hospital,Irinotecan,PHASE2,NOT_YET_RECRUITING,Previously AG Chemotherapy Treated Pancreatic Cancer,2024-01-01,2027-01-01,SHANGHAI ZHONGSHAN HOSPITAL,irinotecan,,IRINOTECAN HYDROCHLORIDE,Irinotecan Hydrochloride 100 mg/5 mL,Armas Pharmaceuticals Inc.,INTRAVENOUS,HUMAN PRESCRIPTION DRUG,False,Academic / medical / govt
NCT00179816,Ann & Robert H Lurie Children's Hospital of Chicago,High-Dose Chemotherapy with Tandem PBSC Rescue.,PHASE1,UNKNOWN,Ewing's Sarcoma; Soft Tissue Sarcoma; Hepatoblastoma; Hodgkin's Disease; Germ Cell Tumor,1999-04-01,2012-09-01,ANN ROBERT H LURIE CHILDREN S HOSPITAL OF CHICAGO,high-dose chemotherapy with tandem pbsc rescue,,,,,,,False,Academic / medical / govt
NCT04047706,Northwestern University,IDO1 Inhibitor BMS-986205 25mg,PHASE1,ACTIVE_NOT_RECRUITING,Glioblastoma,2019-08-13,2027-06-01,NORTHWESTERN UNIVERSITY,ido1 inhibitor bms-986205 25mg,,,,,,,False,Academic / medical / govt
NCT04047706,Northwestern University,Nivolumab,PHASE1,ACTIVE_NOT_RECRUITING,Glioblastoma,2019-08-13,2027-06-01,NORTHWESTERN UNIVERSITY,nivolumab,,NIVOLUMAB AND HYALURONIDASE-NVHY,OPDIVO QVANTIG,"E.R. Squibb & Sons, L.L.C.",SUBCUTANEOUS,HUMAN PRESCRIPTION DRUG,False,Academic / medical / govt
NCT04047706,Northwestern University,Temozolomide,PHASE1,ACTIVE_NOT_RECRUITING,Glioblastoma,2019-08-13,2027-06-01,NORTHWESTERN UNIVERSITY,temozolomide,,TEMOZOLOMIDE,TEMODAR,Merck Sharp & Dohme LLC,ORAL,HUMAN PRESCRIPTION DRUG,False,Academic / medical / govt
NCT04047706,Northwestern University,IDO1 Inhibitor BMS-986205 50 mg,PHASE1,ACTIVE_NOT_RECRUITING,Glioblastoma,2019-08-13,2027-06-01,NORTHWESTERN UNIVERSITY,ido1 inhibitor bms-986205 50 mg,,,,,,,False,Academic / medical / govt
NCT04047706,Northwestern University,IDO1 Inhibitor BMS-986205 100 mg,PHASE1,ACTIVE_NOT_RECRUITING,Glioblastoma,2019-08-13,2027-06-01,NORTHWESTERN UNIVERSITY,ido1 inhibitor bms-986205 100 mg,,,,,,,False,Academic / medical / govt
NCT04051047,University of Michigan Rogel Cancer Center,Gemcitabine,EARLY_PHASE1,WITHDRAWN,Glial Tumor of Brain; Diffuse Intrinsic Pontine Glioma; Glioma,2019-11-30,2021-12-01,UNIVERSITY OF MICHIGAN ROGEL CANCER CENTER,gemcitabine,,GEMCITABINE HYDROCHLORIDE,Gemcitabine,Mylan Institutional LLC,INTRAVENOUS,HUMAN PRESCRIPTION DRUG,False,Academic / medical / govt
NCT07390838,"Nanjing Sanhome Pharmaceutical, Co., Ltd.",SH009,PHASE1,RECRUITING,Liver Cancer (Locally Advanced or Metastatic); Lung Cancer (NSCLC); Head and Neck Cancer Squamous Cell Carcinoma; Breast Cancer (Locally Advanced or Metastatic); Esophageal Cancer; Gastric Cancer (GC); Solid Tumor Malignancies,2025-05-16,2028-12-30,NANJING SANHOME PHARMACEUTICAL,sh009,,,,,,,False,"Other (biotech, private, etc.)"
NCT02257138,M.D. Anderson Cancer Center,Decitabine,PHASE1,COMPLETED,Blasts More Than 20 Percent of Bone Marrow Nucleated Cells; Blasts More Than 20 Percent of Peripheral Blood White Cells; Myelodysplastic/Myeloproliferative Neoplasm; Recurrent Acute Myeloid Leukemia; Refractory Acute Myeloid Leukemia,2015-02-12,2021-03-19,M D ANDERSON CANCER CENTER,decitabine,,DECITABINE,Decitabine,BluePoint Laboratories,INTRAVENOUS,HUMAN PRESCRIPTION DRUG,False,Academic / medical / govt
NCT02257138,M.D. Anderson Cancer Center,Ruxolitinib Phosphate,PHASE1,COMPLETED,Blasts More Than 20 Percent of Bone Marrow Nucleated Cells; Blasts More Than 20 Percent of Peripheral Blood White Cells; Myelodysplastic/Myeloproliferative Neoplasm; Recurrent Acute Myeloid Leukemia; Refractory Acute Myeloid Leukemia,2015-02-12,2021-03-19,M D ANDERSON CANCER CENTER,ruxolitinib,,RUXOLITINIB,OPZELURA,Incyte Corporation,TOPICAL,HUMAN PRESCRIPTION DRUG,False,Academic / medical / govt
NCT00536458,French Innovative Leukemia Organisation,MINI CHEP,PHASE3,COMPLETED,"Lymphoma, Low-Grade",1999-03-01,2006-12-01,FRENCH INNOVATIVE LEUKEMIA ORGANISATION,mini chep,,,,,,,False,"Other (biotech, private, etc.)"
NCT04131426,University of Rochester,Remune,PHASE1,COMPLETED,Cachexia; Cancer; Weight Loss; Lung Cancer; Gastrointestinal Cancer,2020-04-24,2022-04-01,UNIVERSITY OF ROCHESTER,remune,,,,,,,False,Academic / medical / govt
NCT02597478,M.D. Anderson Cancer Center,Fentanyl Sublingual Spray,PHASE2,COMPLETED,Advanced Cancers,2016-01-04,2021-01-27,M D ANDERSON CANCER CENTER,fentanyl sublingual spray,,,,,,,False,Academic / medical / govt
NCT03918278,Merck Sharp & Dohme LLC,Paclitaxel,PHASE1,COMPLETED,Neoplasms,2019-06-19,2025-06-09,MERCK SHARP DOHME,paclitaxel,MRK,PACLITAXEL,Paclitaxel,Alembic Pharmaceuticals Inc.,INTRAVENOUS,HUMAN PRESCRIPTION DRUG,True,Public pharma
NCT03918278,Merck Sharp & Dohme LLC,Nab-paclitaxel,PHASE1,COMPLETED,Neoplasms,2019-06-19,2025-06-09,MERCK SHARP DOHME,nab-paclitaxel,MRK,,,,,,True,Public pharma
NCT03918278,Merck Sharp & Dohme LLC,Gemcitabine,PHASE1,COMPLETED,Neoplasms,2019-06-19,2025-06-09,MERCK SHARP DOHME,gemcitabine,MRK,GEMCITABINE HYDROCHLORIDE,Gemcitabine,Mylan Institutional LLC,INTRAVENOUS,HUMAN PRESCRIPTION DRUG,True,Public pharma
NCT03918278,Merck Sharp & Dohme LLC,Carboplatin,PHASE1,COMPLETED,Neoplasms,2019-06-19,2025-06-09,MERCK SHARP DOHME,carboplatin,MRK,CARBOPLATIN,CARBOPLATIN,Apotex Corp.,INTRAVENOUS,HUMAN PRESCRIPTION DRUG,True,Public pharma
NCT03918278,Merck Sharp & Dohme LLC,Pemetrexed,PHASE1,COMPLETED,Neoplasms,2019-06-19,2025-06-09,MERCK SHARP DOHME,pemetrexed,MRK,PEMETREXED DISODIUM,PEMRYDI RTU,Amneal Pharmaceuticals LLC,INTRAVENOUS,HUMAN PRESCRIPTION DRUG,True,Public pharma
NCT00040885,Alliance for Clinical Trials in Oncology,docetaxel,PHASE3,COMPLETED,Anorexia; Cachexia; Fatigue; Lung Cancer,2002-10-01,2008-10-01,ALLIANCE FOR CLINICAL TRIALS IN ONCOLOGY,docetaxel,,DOCETAXEL ANHYDROUS,Docetaxel,"Hospira, Inc.",INTRAVENOUS,HUMAN PRESCRIPTION DRUG,False,Academic / medical / govt
NCT02423915,M.D. Anderson Cancer Center,Rituximab,PHASE1,COMPLETED,Leukemia; Lymphoma,2015-07-30,2020-10-06,M D ANDERSON CANCER CENTER,rituximab,,RITUXIMAB AND HYALURONIDASE,Rituxan Hycela,"Genentech, Inc.",SUBCUTANEOUS,HUMAN PRESCRIPTION DRUG,False,Academic / medical / govt
NCT02423915,M.D. Anderson Cancer Center,Fludarabine,PHASE1,COMPLETED,Leukemia; Lymphoma,2015-07-30,2020-10-06,M D ANDERSON CANCER CENTER,fludarabine,,FLUDARABINE PHOSPHATE,Fludarabine Phosphate,"Lannett Company, Inc.",INTRAVENOUS,HUMAN PRESCRIPTION DRUG,False,Academic / medical / govt
NCT02423915,M.D. Anderson Cancer Center,Cyclophosphamide,PHASE1,COMPLETED,Leukemia; Lymphoma,2015-07-30,2020-10-06,M D ANDERSON CANCER CENTER,cyclophosphamide,,CYCLOPHOSPHAMIDE,CYCLOPHOSPHAMIDE,"XGen Pharmaceuticals DJB, Inc.",INTRAVENOUS,HUMAN PRESCRIPTION DRUG,False,Academic / medical / govt
NCT02423915,M.D. Anderson Cancer Center,Mycophenolate mofetil,PHASE1,COMPLETED,Leukemia; Lymphoma,2015-07-30,2020-10-06,M D ANDERSON CANCER CENTER,mycophenolate mofetil,,MYCOPHENOLATE MOFETIL,mycophenolate mofetil,Bryant Ranch Prepack,ORAL,HUMAN PRESCRIPTION DRUG,False,Academic / medical / govt
NCT02423915,M.D. Anderson Cancer Center,Sirolimus,PHASE1,COMPLETED,Leukemia; Lymphoma,2015-07-30,2020-10-06,M D ANDERSON CANCER CENTER,sirolimus,,SIROLIMUS,sirolimus,REMEDYREPACK INC.,ORAL,HUMAN PRESCRIPTION DRUG,False,Academic / medical / govt
NCT02423915,M.D. Anderson Cancer Center,G-CSF,PHASE1,COMPLETED,Leukemia; Lymphoma,2015-07-30,2020-10-06,M D ANDERSON CANCER CENTER,g-csf,,,,,,,False,Academic / medical / govt
NCT02423525,Santosh Kesari,Afatinib,PHASE1,COMPLETED,Brain Cancer,2016-12-01,2021-08-01,SANTOSH KESARI,afatinib,,AFATINIB,Gilotrif,"Boehringer Ingelheim Pharmaceuticals, Inc.",ORAL,HUMAN PRESCRIPTION DRUG,False,"Other (biotech, private, etc.)"
NCT02140840,University of Arkansas,Trametinib,PHASE2,WITHDRAWN,Multiple Myeloma,2015-03-01,2016-04-01,UNIVERSITY OF ARKANSAS,trametinib,,TRAMETINIB,Mekinist,Novartis Pharmaceuticals Corporation,ORAL,HUMAN PRESCRIPTION DRUG,False,Academic / medical / govt
NCT02001168,Xinjiang Medical University,Pemetrexed,PHASE3,UNKNOWN,Non-small Cell Lung Cancer,2013-10-01,2022-10-01,XINJIANG MEDICAL UNIVERSITY,pemetrexed,,PEMETREXED DISODIUM,PEMRYDI RTU,Amneal Pharmaceuticals LLC,INTRAVENOUS,HUMAN PRESCRIPTION DRUG,False,Academic / medical / govt
NCT02001168,Xinjiang Medical University,Docetaxel,PHASE3,UNKNOWN,Non-small Cell Lung Cancer,2013-10-01,2022-10-01,XINJIANG MEDICAL UNIVERSITY,docetaxel,,DOCETAXEL ANHYDROUS,Docetaxel,"Hospira, Inc.",INTRAVENOUS,HUMAN PRESCRIPTION DRUG,False,Academic / medical / govt
NCT02001168,Xinjiang Medical University,rh-Endostatin,PHASE3,UNKNOWN,Non-small Cell Lung Cancer,2013-10-01,2022-10-01,XINJIANG MEDICAL UNIVERSITY,rh-endostatin,,,,,,,False,Academic / medical / govt
NCT02001168,Xinjiang Medical University,Cis-platinum,PHASE3,UNKNOWN,Non-small Cell Lung Cancer,2013-10-01,2022-10-01,XINJIANG MEDICAL UNIVERSITY,cis-platinum,,,,,,,False,Academic / medical / govt
NCT06418789,N.N. Petrov National Medical Research Center of Oncology,"High-dose chemotherapy (TI- 2 cycles, CE- 3 cycles )",PHASE2,RECRUITING,Germ Cell Tumor,2024-03-01,2029-03-01,N N PETROV NATIONAL MEDICAL RESEARCH CENTER OF ONCOLOGY,high-dose chemotherapy ti- 2 cycles ce- 3 cycles,,,,,,,False,"Other (biotech, private, etc.)"
NCT00975806,Celgene,Lenalidomide,PHASE1,TERMINATED,Renal Cell Carcinoma,2009-09-01,2011-10-01,CELGENE,lenalidomide,,LENALIDOMIDE,Lenalidomide,"Teva Pharmaceuticals, Inc.",ORAL,HUMAN PRESCRIPTION DRUG,False,"Other (biotech, private, etc.)"
NCT00975806,Celgene,Sunitinib,PHASE1,TERMINATED,Renal Cell Carcinoma,2009-09-01,2011-10-01,CELGENE,sunitinib,,SUNITINIB MALATE,Sunitinib Malate,Novugen Pharma (USA) LLC.,ORAL,HUMAN PRESCRIPTION DRUG,False,"Other (biotech, private, etc.)"
NCT02918747,Hunan Cancer Hospital,pegaspargase,PHASE2,UNKNOWN,Lymphoma,2016-09-01,2021-12-01,HUNAN CANCER HOSPITAL,pegaspargase,,PEGASPARGASE,ONCASPAR,Servier Pharmaceuticals LLC,INTRAMUSCULAR,HUMAN PRESCRIPTION DRUG,False,Academic / medical / govt
NCT02918747,Hunan Cancer Hospital,Gemcitabine,PHASE2,UNKNOWN,Lymphoma,2016-09-01,2021-12-01,HUNAN CANCER HOSPITAL,gemcitabine,,GEMCITABINE HYDROCHLORIDE,Gemcitabine,Mylan Institutional LLC,INTRAVENOUS,HUMAN PRESCRIPTION DRUG,False,Academic / medical / govt
NCT02918747,Hunan Cancer Hospital,Oxaliplatin,PHASE2,UNKNOWN,Lymphoma,2016-09-01,2021-12-01,HUNAN CANCER HOSPITAL,oxaliplatin,,OXALIPLATIN,Oxaliplatin,Meitheal Pharmaceuticals Inc.,INTRAVENOUS,HUMAN PRESCRIPTION DRUG,False,Academic / medical / govt
NCT02918747,Hunan Cancer Hospital,Dexamethasone,PHASE2,UNKNOWN,Lymphoma,2016-09-01,2021-12-01,HUNAN CANCER HOSPITAL,dexamethasone,,DEXAMETHASONE,Dexamethasone,"Advanced Rx Pharmacy of Tennessee, LLC",ORAL,HUMAN PRESCRIPTION DRUG,False,Academic / medical / govt
NCT02918747,Hunan Cancer Hospital,Cyclophosphamide,PHASE2,UNKNOWN,Lymphoma,2016-09-01,2021-12-01,HUNAN CANCER HOSPITAL,cyclophosphamide,,CYCLOPHOSPHAMIDE,CYCLOPHOSPHAMIDE,"XGen Pharmaceuticals DJB, Inc.",INTRAVENOUS,HUMAN PRESCRIPTION DRUG,False,Academic / medical / govt
NCT02918747,Hunan Cancer Hospital,Doxorubicin,PHASE2,UNKNOWN,Lymphoma,2016-09-01,2021-12-01,HUNAN CANCER HOSPITAL,doxorubicin,,DOXORUBICIN HYDROCHLORIDE,Doxorubicin Hydrochloride,Pfizer Laboratories Div Pfizer Inc,INTRAVENOUS,HUMAN PRESCRIPTION DRUG,False,Academic / medical / govt
NCT02918747,Hunan Cancer Hospital,Vincristine,PHASE2,UNKNOWN,Lymphoma,2016-09-01,2021-12-01,HUNAN CANCER HOSPITAL,vincristine,,VINCRISTINE SULFATE,VinCRIStine Sulfate,"Hospira, Inc.",INTRAVENOUS,HUMAN PRESCRIPTION DRUG,False,Academic / medical / govt
NCT02918747,Hunan Cancer Hospital,Prednisone,PHASE2,UNKNOWN,Lymphoma,2016-09-01,2021-12-01,HUNAN CANCER HOSPITAL,prednisone,,PREDNISONE,PredniSONE,A-S Medication Solutions,ORAL,HUMAN PRESCRIPTION DRUG,False,Academic / medical / govt
NCT05046847,"Chia Tai Tianqing Pharmaceutical Group Co., Ltd.",TQB3811,PHASE1,UNKNOWN,Solid Tumor,2021-11-30,2022-12-01,CHIA TAI TIANQING PHARMACEUTICAL GROUP,tqb3811,,,,,,,False,"Other (biotech, private, etc.)"
NCT02329847,"Janssen Research & Development, LLC",Ibrutinib,PHASE1,COMPLETED,Hematologic Neoplasms,2015-03-11,2022-02-09,JANSSEN RESEARCH DEVELOPMENT,ibrutinib,JNJ,IBRUTINIB,Imbruvica,Pharmacyclics LLC,ORAL,HUMAN PRESCRIPTION DRUG,True,Public pharma
NCT02329847,"Janssen Research & Development, LLC",Nivolumab,PHASE1,COMPLETED,Hematologic Neoplasms,2015-03-11,2022-02-09,JANSSEN RESEARCH DEVELOPMENT,nivolumab,JNJ,NIVOLUMAB AND HYALURONIDASE-NVHY,OPDIVO QVANTIG,"E.R. Squibb & Sons, L.L.C.",SUBCUTANEOUS,HUMAN PRESCRIPTION DRUG,True,Public pharma
NCT02600949,M.D. Anderson Cancer Center,Imiquimod,PHASE1,ACTIVE_NOT_RECRUITING,Metastatic Colorectal Adenocarcinoma; Metastatic Pancreatic Ductal Adenocarcinoma; Stage IV Colorectal Cancer AJCC v7; Stage IV Pancreatic Cancer AJCC v6 and v7; Stage IVA Colorectal Cancer AJCC v7; Stage IVB Colorectal Cancer AJCC v7,2016-05-11,2027-05-31,M D ANDERSON CANCER CENTER,imiquimod,,IMIQUIMOD,Imiquimod,Padagis Israel Pharmaceuticals Ltd,TOPICAL,HUMAN PRESCRIPTION DRUG,False,Academic / medical / govt
NCT06966778,National Taiwan University Hospital,"Oxybutynin chloride extended-release tablets 5mg/tab, 2 tab, PO, qd.",NA,RECRUITING,Localized Prostate Cancer; Postoperative Urinary Incontinence,2025-09-15,2028-12-31,NATIONAL TAIWAN UNIVERSITY HOSPITAL,oxybutynin chloride extended-release tablets 5mg tab 2 tab po qd,,,,,,,False,Academic / medical / govt
NCT06966778,National Taiwan University Hospital,"Placebo (2 tab), PO, qd.",NA,RECRUITING,Localized Prostate Cancer; Postoperative Urinary Incontinence,2025-09-15,2028-12-31,NATIONAL TAIWAN UNIVERSITY HOSPITAL,placebo 2 tab po qd,,,,,,,False,Academic / medical / govt
NCT06501378,Fudan University,PD-1/PD-L1 inhibitor plus chemotherapy,PHASE2,RECRUITING,NSCLC Stage IV,2024-07-01,2025-07-01,FUDAN UNIVERSITY,pd-1 pd-l1 inhibitor plus chemotherapy,,,,,,,False,Academic / medical / govt
NCT01917578,Shandong Cancer Hospital and Institute,"TAC,TC,TA,CAF,CEF",PHASE3,UNKNOWN,Breast Cancer,2008-08-01,2014-07-01,SHANDONG CANCER HOSPITAL AND INSTITUTE,tac tc ta caf cef,,,,,,,False,Academic / medical / govt
NCT01917578,Shandong Cancer Hospital and Institute,"AC-P,TEC,AC,TC,TCH,CEF,TAC,CAF",PHASE3,UNKNOWN,Breast Cancer,2008-08-01,2014-07-01,SHANDONG CANCER HOSPITAL AND INSTITUTE,ac-p tec ac tc tch cef tac caf,,,,,,,False,Academic / medical / govt
NCT07367685,The Second Affiliated Hospital of Fujian Medical University,Cyclophosphamide,PHASE1,NOT_YET_RECRUITING,Recurrent/Refractory B-cell Lymphoma,2026-05-01,2028-12-31,THE SECOND AFFILIATED HOSPITAL OF FUJIAN MEDICAL UNIVERSITY,cyclophosphamide,,CYCLOPHOSPHAMIDE,CYCLOPHOSPHAMIDE,"XGen Pharmaceuticals DJB, Inc.",INTRAVENOUS,HUMAN PRESCRIPTION DRUG,False,Academic / medical / govt
NCT07367685,The Second Affiliated Hospital of Fujian Medical University,Fludarabine,PHASE1,NOT_YET_RECRUITING,Recurrent/Refractory B-cell Lymphoma,2026-05-01,2028-12-31,THE SECOND AFFILIATED HOSPITAL OF FUJIAN MEDICAL UNIVERSITY,fludarabine,,FLUDARABINE PHOSPHATE,Fludarabine Phosphate,"Lannett Company, Inc.",INTRAVENOUS,HUMAN PRESCRIPTION DRUG,False,Academic / medical / govt
NCT02647385,Hospital Sirio-Libanes,Block with lidocaine for SAM and PEC I block,NA,ACTIVE_NOT_RECRUITING,Breast Cancer; Anesthesia,2015-12-01,2026-02-01,HOSPITAL SIRIO LIBANES,block with lidocaine for sam and pec i block,,,,,,,False,Academic / medical / govt
NCT02750215,Massachusetts General Hospital,Capmatinib (INC280),PHASE2,COMPLETED,Malignant Non-small Cell Neoplasm of Lung Stage IV,2016-05-01,2021-05-01,MASSACHUSETTS GENERAL HOSPITAL,capmatinib inc280,,,,,,,False,Academic / medical / govt
NCT00880815,M.D. Anderson Cancer Center,Bendamustine,PHASE1,COMPLETED,CD20 Positive; Chronic Lymphocytic Leukemia; Follicular Lymphoma; Mantle Cell Lymphoma; Marginal Zone Lymphoma; Recurrent Diffuse Large B-Cell Lymphoma; T-Cell Non-Hodgkin Lymphoma,2009-02-17,2019-05-28,M D ANDERSON CANCER CENTER,bendamustine,,BENDAMUSTINE HYDROCHLORIDE,Bendamustine Hydrochloride,Apotex Corp,INTRAVENOUS,HUMAN PRESCRIPTION DRUG,False,Academic / medical / govt
NCT00880815,M.D. Anderson Cancer Center,Fludarabine,PHASE1,COMPLETED,CD20 Positive; Chronic Lymphocytic Leukemia; Follicular Lymphoma; Mantle Cell Lymphoma; Marginal Zone Lymphoma; Recurrent Diffuse Large B-Cell Lymphoma; T-Cell Non-Hodgkin Lymphoma,2009-02-17,2019-05-28,M D ANDERSON CANCER CENTER,fludarabine,,FLUDARABINE PHOSPHATE,Fludarabine Phosphate,"Lannett Company, Inc.",INTRAVENOUS,HUMAN PRESCRIPTION DRUG,False,Academic / medical / govt
NCT00880815,M.D. Anderson Cancer Center,Methotrexate,PHASE1,COMPLETED,CD20 Positive; Chronic Lymphocytic Leukemia; Follicular Lymphoma; Mantle Cell Lymphoma; Marginal Zone Lymphoma; Recurrent Diffuse Large B-Cell Lymphoma; T-Cell Non-Hodgkin Lymphoma,2009-02-17,2019-05-28,M D ANDERSON CANCER CENTER,methotrexate,,METHOTREXATE,METHOTREXATE,Alembic Pharmaceuticals Inc.,ORAL,HUMAN PRESCRIPTION DRUG,False,Academic / medical / govt
NCT00880815,M.D. Anderson Cancer Center,Tacrolimus,PHASE1,COMPLETED,CD20 Positive; Chronic Lymphocytic Leukemia; Follicular Lymphoma; Mantle Cell Lymphoma; Marginal Zone Lymphoma; Recurrent Diffuse Large B-Cell Lymphoma; T-Cell Non-Hodgkin Lymphoma,2009-02-17,2019-05-28,M D ANDERSON CANCER CENTER,tacrolimus,,TACROLIMUS EXTENDED-RELEASE CAPSULES,tacrolimus,"Chengdu Suncadia Medicine Co., Ltd.",ORAL,HUMAN PRESCRIPTION DRUG,False,Academic / medical / govt
NCT04521335,University of Utah,Disulfiram,PHASE1,TERMINATED,Multiple Myeloma,2021-05-21,2022-02-06,UNIVERSITY OF UTAH,disulfiram,,DISULFIRAM,Disulfiram,"Chartwell RX, LLC",ORAL,HUMAN PRESCRIPTION DRUG,False,Academic / medical / govt
NCT04521335,University of Utah,Copper Gluconate,PHASE1,TERMINATED,Multiple Myeloma,2021-05-21,2022-02-06,UNIVERSITY OF UTAH,copper gluconate,,"CHELIDONIUM MAJUS, CARDUUS MARIANUS, SCHISANDRA CHINENSIS, TARAXACUM OFFICINALE, BERBERIS VULGARIS, RAPHANUS SATIVUS, VISCUM ALBUM, CHROMIUM PICOLINATE, COBALT GLUCONATE, COPPER GLUCONATE, MAGNESIUM GLUCONATE, NATRUM SULPHURICUM, PTELEA TRIFOLIATE, SARCOLACTICUM ACIDUM, SULPHUR IODATUM, CARBOLICUM ACIDUM, CICHORIUM INTYBUS, FLOS, GALLBLADDER (SUIS), HEPAR SUIS, NUX VOMICA, PANCREAS SUIS, VANADIUM METALLICUM, VERBENA OFFICINALIS, FLOS, PICRORHIZA KURROA",Liver Drainage,"Deseret Biologicals, Inc.",ORAL,HUMAN OTC DRUG,False,Academic / medical / govt
NCT01751308,Sanofi,Cabazitaxel (XRP6258),PHASE1,COMPLETED,Malignant Solid Tumor - Malignant Nervous System Neoplasm,2013-02-01,2016-02-01,SANOFI,cabazitaxel xrp6258,SNY,,,,,,True,Public pharma
NCT02575508,Roswell Park Cancer Institute,Fluorouracil,PHASE1,WITHDRAWN,Colon Adenocarcinoma; Metastatic Pancreatic Adenocarcinoma; Pancreatic Adenocarcinoma; Pancreatic Ductal Adenocarcinoma; Rectal Adenocarcinoma; Stage III Pancreatic Cancer; Stage IIIA Colon Cancer; Stage IIIA Rectal Cancer; Stage IIIB Colon Cancer; Stage IIIB Rectal Cancer; Stage IIIC Colon Cancer; Stage IIIC Rectal Cancer; Stage IV Pancreatic Cancer; Stage IVA Colon Cancer; Stage IVA Rectal Cancer; Stage IVB Colon Cancer; Stage IVB Rectal Cancer,,,ROSWELL PARK CANCER INSTITUTE,fluorouracil,,FLUOROURACIL,FLUOROURACIL,Mayne Pharma Inc.,TOPICAL,HUMAN PRESCRIPTION DRUG,False,Academic / medical / govt
NCT02575508,Roswell Park Cancer Institute,Irinotecan Hydrochloride,PHASE1,WITHDRAWN,Colon Adenocarcinoma; Metastatic Pancreatic Adenocarcinoma; Pancreatic Adenocarcinoma; Pancreatic Ductal Adenocarcinoma; Rectal Adenocarcinoma; Stage III Pancreatic Cancer; Stage IIIA Colon Cancer; Stage IIIA Rectal Cancer; Stage IIIB Colon Cancer; Stage IIIB Rectal Cancer; Stage IIIC Colon Cancer; Stage IIIC Rectal Cancer; Stage IV Pancreatic Cancer; Stage IVA Colon Cancer; Stage IVA Rectal Cancer; Stage IVB Colon Cancer; Stage IVB Rectal Cancer,,,ROSWELL PARK CANCER INSTITUTE,irinotecan,,IRINOTECAN HYDROCHLORIDE,Irinotecan Hydrochloride 100 mg/5 mL,Armas Pharmaceuticals Inc.,INTRAVENOUS,HUMAN PRESCRIPTION DRUG,False,Academic / medical / govt
NCT02575508,Roswell Park Cancer Institute,Oxaliplatin,PHASE1,WITHDRAWN,Colon Adenocarcinoma; Metastatic Pancreatic Adenocarcinoma; Pancreatic Adenocarcinoma; Pancreatic Ductal Adenocarcinoma; Rectal Adenocarcinoma; Stage III Pancreatic Cancer; Stage IIIA Colon Cancer; Stage IIIA Rectal Cancer; Stage IIIB Colon Cancer; Stage IIIB Rectal Cancer; Stage IIIC Colon Cancer; Stage IIIC Rectal Cancer; Stage IV Pancreatic Cancer; Stage IVA Colon Cancer; Stage IVA Rectal Cancer; Stage IVB Colon Cancer; Stage IVB Rectal Cancer,,,ROSWELL PARK CANCER INSTITUTE,oxaliplatin,,OXALIPLATIN,Oxaliplatin,Meitheal Pharmaceuticals Inc.,INTRAVENOUS,HUMAN PRESCRIPTION DRUG,False,Academic / medical / govt
NCT02575508,Roswell Park Cancer Institute,pan FGFR Kinase Inhibitor BGJ398,PHASE1,WITHDRAWN,Colon Adenocarcinoma; Metastatic Pancreatic Adenocarcinoma; Pancreatic Adenocarcinoma; Pancreatic Ductal Adenocarcinoma; Rectal Adenocarcinoma; Stage III Pancreatic Cancer; Stage IIIA Colon Cancer; Stage IIIA Rectal Cancer; Stage IIIB Colon Cancer; Stage IIIB Rectal Cancer; Stage IIIC Colon Cancer; Stage IIIC Rectal Cancer; Stage IV Pancreatic Cancer; Stage IVA Colon Cancer; Stage IVA Rectal Cancer; Stage IVB Colon Cancer; Stage IVB Rectal Cancer,,,ROSWELL PARK CANCER INSTITUTE,pan fgfr kinase inhibitor bgj398,,,,,,,False,Academic / medical / govt
NCT00002825,National Cancer Institute (NCI),docetaxel,PHASE2,COMPLETED,Brain and Central Nervous System Tumors; Neuroblastoma; Sarcoma,1997-01-01,,NATIONAL CANCER INSTITUTE NCI,docetaxel,,DOCETAXEL ANHYDROUS,Docetaxel,"Hospira, Inc.",INTRAVENOUS,HUMAN PRESCRIPTION DRUG,False,Academic / medical / govt
NCT01971476,Boehringer Ingelheim,volasertib,PHASE1,COMPLETED,Leukemia; Neoplasms,2013-10-22,2017-01-27,BOEHRINGER INGELHEIM,volasertib,,,,,,,False,"Other (biotech, private, etc.)"
NCT00104117,"Symphony Evolution, Inc.",XL999,PHASE1,COMPLETED,Cancer,2004-11-01,2008-10-01,SYMPHONY EVOLUTION,xl999,,,,,,,False,"Other (biotech, private, etc.)"
NCT00812240,AB Science,Masitinib,PHASE3,TERMINATED,Gastrointestinal Stromal Tumors,2009-01-01,2018-07-01,AB SCIENCE,masitinib,,,,,,,False,"Other (biotech, private, etc.)"
NCT00812240,AB Science,Imatinib,PHASE3,TERMINATED,Gastrointestinal Stromal Tumors,2009-01-01,2018-07-01,AB SCIENCE,imatinib,,IMATINIB MESYLATE,Imatinib Mesylate,Apotex Corp,ORAL,HUMAN PRESCRIPTION DRUG,False,"Other (biotech, private, etc.)"
NCT07281768,Sidney Kimmel Comprehensive Cancer Center at Johns Hopkins,Oxaliplatin,PHASE2,NOT_YET_RECRUITING,Colorectal Cancer,2026-04-01,2030-04-01,SIDNEY KIMMEL COMPREHENSIVE CANCER CENTER AT JOHNS HOPKINS,oxaliplatin,,OXALIPLATIN,Oxaliplatin,Meitheal Pharmaceuticals Inc.,INTRAVENOUS,HUMAN PRESCRIPTION DRUG,False,Academic / medical / govt
NCT07281768,Sidney Kimmel Comprehensive Cancer Center at Johns Hopkins,Capecitabine,PHASE2,NOT_YET_RECRUITING,Colorectal Cancer,2026-04-01,2030-04-01,SIDNEY KIMMEL COMPREHENSIVE CANCER CENTER AT JOHNS HOPKINS,capecitabine,,CAPECITABINE,capecitabine,Dr. Reddy's Laboratories Limited,ORAL,HUMAN PRESCRIPTION DRUG,False,Academic / medical / govt
NCT07281768,Sidney Kimmel Comprehensive Cancer Center at Johns Hopkins,Cemiplimab,PHASE2,NOT_YET_RECRUITING,Colorectal Cancer,2026-04-01,2030-04-01,SIDNEY KIMMEL COMPREHENSIVE CANCER CENTER AT JOHNS HOPKINS,cemiplimab,,CEMIPLIMAB-RWLC,LIBTAYO,"Regeneron Pharmaceuticals, Inc.",INTRAVENOUS,HUMAN PRESCRIPTION DRUG,False,Academic / medical / govt
NCT07281768,Sidney Kimmel Comprehensive Cancer Center at Johns Hopkins,Fianlimab,PHASE2,NOT_YET_RECRUITING,Colorectal Cancer,2026-04-01,2030-04-01,SIDNEY KIMMEL COMPREHENSIVE CANCER CENTER AT JOHNS HOPKINS,fianlimab,,,,,,,False,Academic / medical / govt
NCT07281768,Sidney Kimmel Comprehensive Cancer Center at Johns Hopkins,REGN7075,PHASE2,NOT_YET_RECRUITING,Colorectal Cancer,2026-04-01,2030-04-01,SIDNEY KIMMEL COMPREHENSIVE CANCER CENTER AT JOHNS HOPKINS,regn7075,,,,,,,False,Academic / medical / govt
NCT01681368,National Cancer Institute (NCI),Birinapant (TL32711),PHASE2,TERMINATED,Epithelial Ovarian Cancer; Peritoneal Neoplasms; Fallopian Tube Neoplasms,2012-08-15,2014-04-30,NATIONAL CANCER INSTITUTE NCI,birinapant tl32711,,,,,,,False,Academic / medical / govt
NCT00234052,Northwestern University,carboplatin,PHASE2,COMPLETED,Lung Cancer,2005-07-28,2011-11-28,NORTHWESTERN UNIVERSITY,carboplatin,,CARBOPLATIN,CARBOPLATIN,Apotex Corp.,INTRAVENOUS,HUMAN PRESCRIPTION DRUG,False,Academic / medical / govt
NCT00234052,Northwestern University,pemetrexed,PHASE2,COMPLETED,Lung Cancer,2005-07-28,2011-11-28,NORTHWESTERN UNIVERSITY,pemetrexed,,PEMETREXED DISODIUM,PEMRYDI RTU,Amneal Pharmaceuticals LLC,INTRAVENOUS,HUMAN PRESCRIPTION DRUG,False,Academic / medical / govt
NCT00491738,"Genentech, Inc.",bevacizumab,PHASE2,TERMINATED,Renal Cell Carcinoma,2007-08-01,,GENENTECH,bevacizumab,RHHBY,BEVACIZUMAB-AWWB,MVASI,"Amgen, Inc",INTRAVENOUS,HUMAN PRESCRIPTION DRUG,True,Public pharma
NCT00491738,"Genentech, Inc.",sunitinib,PHASE2,TERMINATED,Renal Cell Carcinoma,2007-08-01,,GENENTECH,sunitinib,RHHBY,SUNITINIB MALATE,Sunitinib Malate,Novugen Pharma (USA) LLC.,ORAL,HUMAN PRESCRIPTION DRUG,True,Public pharma
NCT00491738,"Genentech, Inc.",placebo,PHASE2,TERMINATED,Renal Cell Carcinoma,2007-08-01,,GENENTECH,placebo,RHHBY,,,,,,True,Public pharma
NCT01731158,Central European Society for Anticancer Drug Research,Avastin in combination with Roferon-A,PHASE2,COMPLETED,Metastatic Renal Cell Carcinoma,2012-10-01,2016-09-01,CENTRAL EUROPEAN SOCIETY FOR ANTICANCER DRUG RESEARCH,avastin in combination with roferon-a,,,,,,,False,"Other (biotech, private, etc.)"
NCT01731158,Central European Society for Anticancer Drug Research,Afinitor,PHASE2,COMPLETED,Metastatic Renal Cell Carcinoma,2012-10-01,2016-09-01,CENTRAL EUROPEAN SOCIETY FOR ANTICANCER DRUG RESEARCH,afinitor,,EVEROLIMUS,Afinitor,Novartis Pharmaceuticals Corporation,ORAL,HUMAN PRESCRIPTION DRUG,False,"Other (biotech, private, etc.)"
NCT01731158,Central European Society for Anticancer Drug Research,"TKI: Sutent, Nexavar or Votrient",PHASE2,COMPLETED,Metastatic Renal Cell Carcinoma,2012-10-01,2016-09-01,CENTRAL EUROPEAN SOCIETY FOR ANTICANCER DRUG RESEARCH,tki sutent nexavar or votrient,,,,,,,False,"Other (biotech, private, etc.)"
NCT00929058,Radboud University Medical Center,Bevacizumab,NA,COMPLETED,Hypertension; Cancer,2009-06-01,2009-11-01,RADBOUD UNIVERSITY MEDICAL CENTER,bevacizumab,,BEVACIZUMAB-AWWB,MVASI,"Amgen, Inc",INTRAVENOUS,HUMAN PRESCRIPTION DRUG,False,Academic / medical / govt
NCT02334748,Novartis Pharmaceuticals,canakinumab,PHASE3,COMPLETED,Systemic Juvenile Idiopathic Arthritis; Hereditary Periodic Fevers,2014-11-03,2018-08-31,NOVARTIS PHARMACEUTICALS,canakinumab,NVS,ACTIVATED CHARCOAL - ARNICA MONTANA - ATROPA BELLADONNA - CANAKINUMAB - HYDROCOTYLE ASIATICA EXTRACT - AESCULUS HIPPOCASTANUM FLOWER - MELISSA OFFICINALIS - PAEONIA OFFICINALIS ROOT - PODOPHYLLUM PELTATUM ROOT - PORK LIVER - STRYCHNOS NUX-VOMICA SEED - SUS SCROFA SMALL INTESTINE MUCOSA LYMPH FOLLICLE - SUS SCROFA VEIN - HAMAMELIS VIRGINIANA ROOT BARK/STEM BARK - ANTI-INTERLEUKIN-1.ALPHA. IMMUNOGLOBULIN G RABBIT -,GUNA-HEMORRHOIDS,Guna spa,ORAL,HUMAN OTC DRUG,True,Public pharma
NCT06925048,Chunxia Su,PD-1 inhbitor+SHR0302,PHASE2,NOT_YET_RECRUITING,Non-Small Cell Lung Cancer; JAK Inhibitor; Immunology,2025-04-30,2027-12-31,CHUNXIA SU,pd-1 inhbitor shr0302,,,,,,,False,"Other (biotech, private, etc.)"
NCT06925048,Chunxia Su,PD-L1 inhibitor+SHR0302,PHASE2,NOT_YET_RECRUITING,Non-Small Cell Lung Cancer; JAK Inhibitor; Immunology,2025-04-30,2027-12-31,CHUNXIA SU,pd-l1 inhibitor shr0302,,,,,,,False,"Other (biotech, private, etc.)"
NCT06141226,Tianjin Medical University Cancer Institute and Hospital,TQB2450 +Anlotinib+Docetaxel,PHASE2,RECRUITING,Non-small-cell Lung Cancer,2023-04-12,2028-12-30,TIANJIN MEDICAL UNIVERSITY CANCER INSTITUTE AND HOSPITAL,tqb2450 anlotinib docetaxel,,,,,,,False,Academic / medical / govt
NCT06141226,Tianjin Medical University Cancer Institute and Hospital,TQB2450 +Androtinib Placebo+Docetaxel,PHASE2,RECRUITING,Non-small-cell Lung Cancer,2023-04-12,2028-12-30,TIANJIN MEDICAL UNIVERSITY CANCER INSTITUTE AND HOSPITAL,tqb2450 androtinib placebo docetaxel,,,,,,,False,Academic / medical / govt
NCT02280785,Samsung Medical Center,Brentuximab vedotin,PHASE2,COMPLETED,Non-Hodgkin Lymphoma,2014-11-01,2018-09-01,SAMSUNG MEDICAL CENTER,brentuximab vedotin,,BRENTUXIMAB VEDOTIN,ADCETRIS,SEAGEN INC.,INTRAVENOUS,HUMAN PRESCRIPTION DRUG,False,Academic / medical / govt
NCT00507143,"National Cancer Center, Korea",irinotecan,NA,UNKNOWN,Colorectal Neoplasms; Secondary,2006-08-01,2008-12-01,NATIONAL CANCER CENTER KOREA,irinotecan,,IRINOTECAN HYDROCHLORIDE,Irinotecan Hydrochloride 100 mg/5 mL,Armas Pharmaceuticals Inc.,INTRAVENOUS,HUMAN PRESCRIPTION DRUG,False,Academic / medical / govt
NCT00217815,NeuTec Pharma,"Mycograb, Docetaxel",PHASE1,COMPLETED,Cancer of the Breast,2005-09-01,2006-10-01,NEUTEC PHARMA,mycograb docetaxel,,,,,,,False,"Other (biotech, private, etc.)"
NCT05994235,Weill Medical College of Cornell University,Mosunetuzumab,PHASE2,ACTIVE_NOT_RECRUITING,Follicular Lymphoma,2023-11-01,2033-10-01,WEILL MEDICAL COLLEGE OF CORNELL UNIVERSITY,mosunetuzumab,,MOSUNETUZUMAB,Lunsumio,"Genentech, Inc.",INTRAVENOUS,HUMAN PRESCRIPTION DRUG,False,Academic / medical / govt
NCT05994235,Weill Medical College of Cornell University,Tazemetostat Pill,PHASE2,ACTIVE_NOT_RECRUITING,Follicular Lymphoma,2023-11-01,2033-10-01,WEILL MEDICAL COLLEGE OF CORNELL UNIVERSITY,tazemetostat pill,,,,,,,False,Academic / medical / govt
NCT01423708,Azienda Ospedaliera di Padova,Everolimus,PHASE2,UNKNOWN,Liver Failure; Liver Diseases; Liver Cirrhosis; Liver Neoplasms,2010-02-01,2014-01-01,AZIENDA OSPEDALIERA DI PADOVA,everolimus,,EVEROLIMUS,Everolimus,"Breckenridge Pharmaceutical, Inc.",ORAL,HUMAN PRESCRIPTION DRUG,False,"Other (biotech, private, etc.)"
NCT07529808,"BigHat Biosciences, Inc.",BHB810,PHASE1,NOT_YET_RECRUITING,Gastric Cancer; Gastric Adenocarcinoma; Gastric (Stomach) Cancer; Gastroesophageal Adenocarcinoma; Gastroesophageal Cancer (GC); Gastroesophageal Junction (GEJ) Adenocarcinoma; Gastroesophageal Junction (GEJ) Cancer; Gastrointestinal Cancer Metastatic; Gastrointestinal Adenocarcinoma; Gastrointestinal Cancers; Colorectal (Colon or Rectal) Cancer; Pancreatic Cancer; CDH17-positive Advanced Solid Tumors; Advanced Gastric Cancer,2026-06-01,2028-12-01,BIGHAT BIOSCIENCES,bhb810,,,,,,,False,"Other (biotech, private, etc.)"
NCT06420908,Hebei Medical University Fourth Hospital,Adebrelimab+TP/FP+ radiation therapy,NA,WITHDRAWN,Esophageal Squamous Cell Carcinoma,2024-05-30,2027-05-30,HEBEI MEDICAL UNIVERSITY FOURTH HOSPITAL,adebrelimab tp fp radiation therapy,,,,,,,False,Academic / medical / govt
NCT06420908,Hebei Medical University Fourth Hospital,Adebrelimab+FP/TP+ radiation therapy,NA,WITHDRAWN,Esophageal Squamous Cell Carcinoma,2024-05-30,2027-05-30,HEBEI MEDICAL UNIVERSITY FOURTH HOSPITAL,adebrelimab fp tp radiation therapy,,,,,,,False,Academic / medical / govt
NCT00043108,Fox Chase Cancer Center,carboplatin,PHASE2,COMPLETED,Lung Cancer,2002-07-01,2018-02-01,FOX CHA CANCER CENTER,carboplatin,,CARBOPLATIN,CARBOPLATIN,Apotex Corp.,INTRAVENOUS,HUMAN PRESCRIPTION DRUG,False,Academic / medical / govt
NCT00043108,Fox Chase Cancer Center,paclitaxel,PHASE2,COMPLETED,Lung Cancer,2002-07-01,2018-02-01,FOX CHA CANCER CENTER,paclitaxel,,PACLITAXEL,Paclitaxel,Alembic Pharmaceuticals Inc.,INTRAVENOUS,HUMAN PRESCRIPTION DRUG,False,Academic / medical / govt
NCT01915576,Bayer,BAY1125976,PHASE1,COMPLETED,Neoplasms,2013-09-01,2016-12-01,BAYER,bay1125976,BAYRY,,,,,,True,Public pharma
NCT03587740,Dana-Farber Cancer Institute,T-DM1,PHASE2,ACTIVE_NOT_RECRUITING,Breast Cancer,2018-08-22,2027-08-30,DANA FARBER CANCER INSTITUTE,t-dm1,,,,,,,False,Academic / medical / govt
NCT00002689,Center for Molecular Medicine,dexamethasone,PHASE2,COMPLETED,Pancreatic Cancer,1995-09-01,2007-06-01,CENTER FOR MOLECULAR MEDICINE,dexamethasone,,DEXAMETHASONE,Dexamethasone,"Advanced Rx Pharmacy of Tennessee, LLC",ORAL,HUMAN PRESCRIPTION DRUG,False,"Other (biotech, private, etc.)"
NCT00002689,Center for Molecular Medicine,fluorouracil,PHASE2,COMPLETED,Pancreatic Cancer,1995-09-01,2007-06-01,CENTER FOR MOLECULAR MEDICINE,fluorouracil,,FLUOROURACIL,FLUOROURACIL,Mayne Pharma Inc.,TOPICAL,HUMAN PRESCRIPTION DRUG,False,"Other (biotech, private, etc.)"
NCT04562389,Karyopharm Therapeutics Inc,Selinexor,PHASE3,ACTIVE_NOT_RECRUITING,Myelofibrosis,2021-03-11,2028-03-01,KARYOPHARM THERAPEUTICS,selinexor,,SELINEXOR,XPOVIO,Karyopharm Therapeutics Inc.,ORAL,HUMAN PRESCRIPTION DRUG,False,"Other (biotech, private, etc.)"
NCT04562389,Karyopharm Therapeutics Inc,Ruxolitinib,PHASE3,ACTIVE_NOT_RECRUITING,Myelofibrosis,2021-03-11,2028-03-01,KARYOPHARM THERAPEUTICS,ruxolitinib,,RUXOLITINIB,OPZELURA,Incyte Corporation,TOPICAL,HUMAN PRESCRIPTION DRUG,False,"Other (biotech, private, etc.)"
NCT06171789,Genmab,GEN1107,PHASE1,TERMINATED,Endometrial Cancer; Ovarian Cancer; Triple Negative Breast Cancer; GastroEsophageal Cancer; Non-small Cell Lung Cancer; Urothelial Carcinoma,2024-01-03,2025-08-18,GENMAB,gen1107,,,,,,,False,"Other (biotech, private, etc.)"
NCT00003678,University Hospital Birmingham,tamoxifen citrate,PHASE3,UNKNOWN,Breast Cancer,1991-05-01,,UNIVERSITY HOSPITAL BIRMINGHAM,tamoxifen,,TAMOXIFEN CITRATE,SOLTAMOX,Mayne Pharma,ORAL,HUMAN PRESCRIPTION DRUG,False,Academic / medical / govt
NCT04459078,Hunan Cancer Hospital,Camrelizumab,PHASE2,UNKNOWN,Adenocarcinoma of the Lung,2020-08-26,2023-07-15,HUNAN CANCER HOSPITAL,camrelizumab,,,,,,,False,Academic / medical / govt
NCT04459078,Hunan Cancer Hospital,Albumin Paclitacxel,PHASE2,UNKNOWN,Adenocarcinoma of the Lung,2020-08-26,2023-07-15,HUNAN CANCER HOSPITAL,albumin paclitacxel,,,,,,,False,Academic / medical / govt
NCT04459078,Hunan Cancer Hospital,Apatinib,PHASE2,UNKNOWN,Adenocarcinoma of the Lung,2020-08-26,2023-07-15,HUNAN CANCER HOSPITAL,apatinib,,,,,,,False,Academic / medical / govt
NCT00300885,Bayer,"Nexavar (Sorafenib, BAY43-9006) + carboplatin + paclitaxel",PHASE3,TERMINATED,"Carcinoma, Non-Small Cell Lung",2006-02-01,2009-02-01,BAYER,nexavar sorafenib bay43-9006 carboplatin paclitaxel,BAYRY,,,,,,True,Public pharma
NCT00300885,Bayer,Carboplatin plus Paclitaxel,PHASE3,TERMINATED,"Carcinoma, Non-Small Cell Lung",2006-02-01,2009-02-01,BAYER,carboplatin plus paclitaxel,BAYRY,,,,,,True,Public pharma
NCT01099085,Samsung Medical Center,Simvastatin,PHASE3,COMPLETED,Gastric Cancer,2009-02-01,2015-01-01,SAMSUNG MEDICAL CENTER,simvastatin,,SIMVASTATIN,SIMVASTATIN,"PD-Rx Pharmaceuticals, Inc.",ORAL,HUMAN PRESCRIPTION DRUG,False,Academic / medical / govt
NCT01099085,Samsung Medical Center,Placebo,PHASE3,COMPLETED,Gastric Cancer,2009-02-01,2015-01-01,SAMSUNG MEDICAL CENTER,placebo,,,,,,,False,Academic / medical / govt
NCT01055743,"Simcere Pharmaceutical Co., Ltd",Fluorouracil Implants,PHASE2,UNKNOWN,Early Stage Hepatocellular Carcinoma,2009-08-01,2014-08-01,SIMCERE PHARMACEUTICAL,fluorouracil implants,,,,,,,False,"Other (biotech, private, etc.)"
NCT00084643,National Cancer Institute (NCI),oxaliplatin,PHASE1,COMPLETED,"Recurrent Colon Cancer; Recurrent Rectal Cancer; Stage IIIC Colon Cancer; Stage IIIC Rectal Cancer; Stage IVA Colon Cancer; Stage IVA Rectal Cancer; Stage IVB Colon Cancer; Stage IVB Rectal Cancer; Unspecified Adult Solid Tumor, Protocol Specific",2004-05-01,,NATIONAL CANCER INSTITUTE NCI,oxaliplatin,,OXALIPLATIN,Oxaliplatin,Meitheal Pharmaceuticals Inc.,INTRAVENOUS,HUMAN PRESCRIPTION DRUG,False,Academic / medical / govt
NCT00084643,National Cancer Institute (NCI),capecitabine,PHASE1,COMPLETED,"Recurrent Colon Cancer; Recurrent Rectal Cancer; Stage IIIC Colon Cancer; Stage IIIC Rectal Cancer; Stage IVA Colon Cancer; Stage IVA Rectal Cancer; Stage IVB Colon Cancer; Stage IVB Rectal Cancer; Unspecified Adult Solid Tumor, Protocol Specific",2004-05-01,,NATIONAL CANCER INSTITUTE NCI,capecitabine,,CAPECITABINE,capecitabine,Dr. Reddy's Laboratories Limited,ORAL,HUMAN PRESCRIPTION DRUG,False,Academic / medical / govt
NCT00526643,"National Cancer Institute, Naples",gemcitabine,PHASE3,TERMINATED,Non-Small Cell Lung Cancer,2007-11-01,2012-12-01,NATIONAL CANCER INSTITUTE NAPLES,gemcitabine,,GEMCITABINE HYDROCHLORIDE,Gemcitabine,Mylan Institutional LLC,INTRAVENOUS,HUMAN PRESCRIPTION DRUG,False,Academic / medical / govt
NCT00526643,"National Cancer Institute, Naples",cisplatin,PHASE3,TERMINATED,Non-Small Cell Lung Cancer,2007-11-01,2012-12-01,NATIONAL CANCER INSTITUTE NAPLES,cisplatin,,CISPLATIN,Cisplatin,Sagent Pharmaceuticals,INTRAVENOUS,HUMAN PRESCRIPTION DRUG,False,Academic / medical / govt
NCT06570915,"Institute of Hematology & Blood Diseases Hospital, China",Daratumumab Injection,PHASE2,NOT_YET_RECRUITING,"ALL, Adult",2025-12-01,2028-09-01,INSTITUTE OF HEMATOLOGY BLOOD DISEASES HOSPITAL CHINA,daratumumab,,,,,,,False,Academic / medical / govt
NCT04768608,Zhejiang University,PD1-PSMA-CART cells,PHASE1,COMPLETED,Castrate-Resistant Prostate Cancer,2021-12-23,2023-05-30,ZHEJIANG UNIVERSITY,pd1-psma-cart cells,,,,,,,False,Academic / medical / govt
NCT06307925,HC Biopharma Inc.,HC010,PHASE1,RECRUITING,Advanced Solid Tumor,2024-03-27,2025-12-31,HC BIOPHARMA,hc010,,,,,,,False,"Other (biotech, private, etc.)"
NCT04513925,Hoffmann-La Roche,Atezolizumab,PHASE3,COMPLETED,Non-small Cell Lung Cancer (NSCLC),2020-08-24,2025-07-31,HOFFMANN LA ROCHE,atezolizumab,RHHBY,ATEZOLIZUMAB,TECENTRIQ,"Genentech, Inc.",INTRAVENOUS,HUMAN PRESCRIPTION DRUG,True,Public pharma
NCT04513925,Hoffmann-La Roche,Tiragolumab,PHASE3,COMPLETED,Non-small Cell Lung Cancer (NSCLC),2020-08-24,2025-07-31,HOFFMANN LA ROCHE,tiragolumab,RHHBY,,,,,,True,Public pharma
NCT04513925,Hoffmann-La Roche,Durvalumab,PHASE3,COMPLETED,Non-small Cell Lung Cancer (NSCLC),2020-08-24,2025-07-31,HOFFMANN LA ROCHE,durvalumab,RHHBY,DURVALUMAB,IMFINZI,AstraZeneca Pharmaceuticals LP,INTRAVENOUS,HUMAN PRESCRIPTION DRUG,True,Public pharma
NCT07028125,Centre Francois Baclesse,cabozantinib and nivolumab,PHASE4,RECRUITING,Renal Cell Carcinoma (Kidney Cancer); Metastatic Renal Cell Carcinoma; Locally Advanced,2025-10-01,2029-01-01,CENTRE FRANCOIS BACLES,cabozantinib and nivolumab,,,,,,,False,"Other (biotech, private, etc.)"
NCT04879017,Foghorn Therapeutics Inc.,FHD-286,PHASE1,TERMINATED,Metastatic Uveal Melanoma,2021-05-11,2023-11-30,FOGHORN THERAPEUTICS,fhd-286,,,,,,,False,"Other (biotech, private, etc.)"
NCT02235740,Novartis,Afuresertib,PHASE1,TERMINATED,Cancer,2014-11-01,2015-10-01,NOVARTIS,afuresertib,,,,,,,False,"Other (biotech, private, etc.)"
NCT02235740,Novartis,Carfilzomib,PHASE1,TERMINATED,Cancer,2014-11-01,2015-10-01,NOVARTIS,carfilzomib,,CARFILZOMIB,KYPROLIS,"Onyx Pharmaceuticals, Inc.",INTRAVENOUS,HUMAN PRESCRIPTION DRUG,False,"Other (biotech, private, etc.)"
NCT01280240,Pharmacosmos A/S,Monofer(R),PHASE1,COMPLETED,Patients With Chemotherapy Induced Anemia (CIA),2012-03-01,2012-11-01,PHARMACOSMOS A S,monofer r,,,,,,,False,"Other (biotech, private, etc.)"
NCT03248440,"Senju USA, Inc.",SUN-131 1.5% TDS,PHASE3,COMPLETED,Chalazion,2017-07-31,2018-08-17,SENJU USA,sun-131 1 5 tds,,,,,,,False,"Other (biotech, private, etc.)"
NCT03248440,"Senju USA, Inc.",Placebo TDS,PHASE3,COMPLETED,Chalazion,2017-07-31,2018-08-17,SENJU USA,placebo tds,,,,,,,False,"Other (biotech, private, etc.)"
NCT01937689,"Jiangsu HengRui Medicine Co., Ltd.",Pyrotinib,PHASE1,COMPLETED,Breast Cancer,2013-01-01,2016-12-01,JIANGSU HENGRUI MEDICINE,pyrotinib,,,,,,,False,"Other (biotech, private, etc.)"
NCT01505868,M.D. Anderson Cancer Center,Cabazitaxel,PHASE1,COMPLETED,Castration Levels of Testosterone; Castration-Resistant Prostate Carcinoma; Lymphadenopathy; Metastatic Prostate Carcinoma; Prostate Adenocarcinoma; Prostate Carcinoma Metastatic in the Bone; Prostate Small Cell Carcinoma,2012-07-11,2019-12-09,M D ANDERSON CANCER CENTER,cabazitaxel,,CABAZITAXEL,Jevtana,Sanofi-Aventis U.S. LLC,,HUMAN PRESCRIPTION DRUG,False,Academic / medical / govt
NCT01505868,M.D. Anderson Cancer Center,Carboplatin,PHASE1,COMPLETED,Castration Levels of Testosterone; Castration-Resistant Prostate Carcinoma; Lymphadenopathy; Metastatic Prostate Carcinoma; Prostate Adenocarcinoma; Prostate Carcinoma Metastatic in the Bone; Prostate Small Cell Carcinoma,2012-07-11,2019-12-09,M D ANDERSON CANCER CENTER,carboplatin,,CARBOPLATIN,CARBOPLATIN,Apotex Corp.,INTRAVENOUS,HUMAN PRESCRIPTION DRUG,False,Academic / medical / govt
NCT00045968,Northwest Biotherapeutics,Dendritic cell immunotherapy,PHASE3,UNKNOWN,Glioblastoma Multiforme; Glioblastoma; GBM; Grade IV Astrocytoma; Glioma; Brain Cancer; Brain Tumor,2006-12-01,,NORTHWEST BIOTHERAPEUTICS,dendritic cell immunotherapy,,,,,,,False,"Other (biotech, private, etc.)"
NCT04285268,"Rutgers, The State University of New Jersey",Bortezomib,PHASE2,WITHDRAWN,"High Grade B-Cell Lymphoma, Not Otherwise Specified; Recurrent Burkitt Lymphoma; Recurrent Diffuse Large B-Cell Lymphoma; Recurrent High Grade B-Cell Lymphoma With MYC and BCL2 or BCL6 Rearrangements; Refractory Burkitt Lymphoma; Refractory Diffuse Large B-Cell Lymphoma; Refractory High Grade B-Cell Lymphoma With MYC and BCL2 or BCL6 Rearrangements",2020-05-06,2024-09-30,RUTGERS THE STATE UNIVERSITY OF NEW JERSEY,bortezomib,,BORTEZOMIB,Bortezomib,"Camber Pharmaceuticals, Inc.",INTRAVENOUS,HUMAN PRESCRIPTION DRUG,False,Academic / medical / govt
NCT04285268,"Rutgers, The State University of New Jersey",Venetoclax,PHASE2,WITHDRAWN,"High Grade B-Cell Lymphoma, Not Otherwise Specified; Recurrent Burkitt Lymphoma; Recurrent Diffuse Large B-Cell Lymphoma; Recurrent High Grade B-Cell Lymphoma With MYC and BCL2 or BCL6 Rearrangements; Refractory Burkitt Lymphoma; Refractory Diffuse Large B-Cell Lymphoma; Refractory High Grade B-Cell Lymphoma With MYC and BCL2 or BCL6 Rearrangements",2020-05-06,2024-09-30,RUTGERS THE STATE UNIVERSITY OF NEW JERSEY,venetoclax,,VENETOCLAX,Venclexta,AbbVie Inc.,ORAL,HUMAN PRESCRIPTION DRUG,False,Academic / medical / govt
NCT05945368,Sun Yat-Sen Memorial Hospital of Sun Yat-Sen University,Eribulin mesylate injection、Pertuzumab、Trastuzumab,PHASE2,UNKNOWN,HER2-positive Breast Cancer,2022-02-25,2025-02-25,SUN YAT SEN MEMORIAL HOSPITAL OF SUN YAT SEN UNIVERSITY,eribulin pertuzumab trastuzumab,,,,,,,False,Academic / medical / govt
NCT03479268,City of Hope Medical Center,Ibrutinib,PHASE1,ACTIVE_NOT_RECRUITING,B-Cell Prolymphocytic Leukemia; Recurrent Chronic Lymphocytic Leukemia; Recurrent Diffuse Large B-Cell Lymphoma; Recurrent Follicular Lymphoma; Recurrent Lymphoplasmacytic Lymphoma; Recurrent Mantle Cell Lymphoma; Recurrent Marginal Zone Lymphoma; Recurrent Non-Hodgkin Lymphoma; Recurrent Small Lymphocytic Lymphoma; Refractory Chronic Lymphocytic Leukemia; Refractory Diffuse Large B-Cell Lymphoma; Refractory Follicular Lymphoma; Refractory Lymphoplasmacytic Lymphoma; Refractory Mantle Cell Lymphoma; Refractory Marginal Zone Lymphoma; Refractory Non-Hodgkin Lymphoma; Refractory Small Lymphocytic Lymphoma; Richter Syndrome,2018-03-22,2026-11-05,CITY OF HOPE MEDICAL CENTER,ibrutinib,,IBRUTINIB,Imbruvica,Pharmacyclics LLC,ORAL,HUMAN PRESCRIPTION DRUG,False,Academic / medical / govt
NCT03479268,City of Hope Medical Center,Pevonedistat,PHASE1,ACTIVE_NOT_RECRUITING,B-Cell Prolymphocytic Leukemia; Recurrent Chronic Lymphocytic Leukemia; Recurrent Diffuse Large B-Cell Lymphoma; Recurrent Follicular Lymphoma; Recurrent Lymphoplasmacytic Lymphoma; Recurrent Mantle Cell Lymphoma; Recurrent Marginal Zone Lymphoma; Recurrent Non-Hodgkin Lymphoma; Recurrent Small Lymphocytic Lymphoma; Refractory Chronic Lymphocytic Leukemia; Refractory Diffuse Large B-Cell Lymphoma; Refractory Follicular Lymphoma; Refractory Lymphoplasmacytic Lymphoma; Refractory Mantle Cell Lymphoma; Refractory Marginal Zone Lymphoma; Refractory Non-Hodgkin Lymphoma; Refractory Small Lymphocytic Lymphoma; Richter Syndrome,2018-03-22,2026-11-05,CITY OF HOPE MEDICAL CENTER,pevonedistat,,,,,,,False,Academic / medical / govt
NCT00040768,National Cancer Institute (NCI),bortezomib,PHASE2,TERMINATED,Recurrent Non-small Cell Lung Cancer; Stage IIIB Non-small Cell Lung Cancer; Stage IV Non-small Cell Lung Cancer,2002-04-01,,NATIONAL CANCER INSTITUTE NCI,bortezomib,,BORTEZOMIB,Bortezomib,"Camber Pharmaceuticals, Inc.",INTRAVENOUS,HUMAN PRESCRIPTION DRUG,False,Academic / medical / govt
NCT05544968,Medical College of Wisconsin,anti-CD30 Bispecific Antibody-armed anti-CD3-Activated Autologous T-cells (CD30 biAb-AATC),PHASE1,RECRUITING,Hodgkin Disease; CD30-Positive Diffuse Large B-Cell Lymphoma; CD30+ Anaplastic Large Cell Lymphoma; CD30+ Pleomorphic Large T-Cell Cutaneous Lymphoma; CD30+ Immunoblastic Large T-Cell Cutaneous Lymphoma; Leukemia; Lymphoma,2026-03-04,2029-07-01,MEDICAL COLLEGE OF WISCONSIN,anti-cd30 bispecific antibody-armed anti-cd3-activated autologous t-cells cd30 biab-aatc,,,,,,,False,"Other (biotech, private, etc.)"
NCT05544968,Medical College of Wisconsin,GM-CSF,PHASE1,RECRUITING,Hodgkin Disease; CD30-Positive Diffuse Large B-Cell Lymphoma; CD30+ Anaplastic Large Cell Lymphoma; CD30+ Pleomorphic Large T-Cell Cutaneous Lymphoma; CD30+ Immunoblastic Large T-Cell Cutaneous Lymphoma; Leukemia; Lymphoma,2026-03-04,2029-07-01,MEDICAL COLLEGE OF WISCONSIN,gm-csf,,,,,,,False,"Other (biotech, private, etc.)"
NCT01332968,Hoffmann-La Roche,Obinutuzumab,PHASE3,COMPLETED,Non-Hodgkin's Lymphoma,2011-07-06,2021-07-30,HOFFMANN LA ROCHE,obinutuzumab,RHHBY,OBINUTUZUMAB,Gazyva,"Genentech, Inc.",INTRAVENOUS,HUMAN PRESCRIPTION DRUG,True,Public pharma
NCT01332968,Hoffmann-La Roche,Cyclophosphamide,PHASE3,COMPLETED,Non-Hodgkin's Lymphoma,2011-07-06,2021-07-30,HOFFMANN LA ROCHE,cyclophosphamide,RHHBY,CYCLOPHOSPHAMIDE,CYCLOPHOSPHAMIDE,"XGen Pharmaceuticals DJB, Inc.",INTRAVENOUS,HUMAN PRESCRIPTION DRUG,True,Public pharma
NCT01332968,Hoffmann-La Roche,Doxorubicin,PHASE3,COMPLETED,Non-Hodgkin's Lymphoma,2011-07-06,2021-07-30,HOFFMANN LA ROCHE,doxorubicin,RHHBY,DOXORUBICIN HYDROCHLORIDE,Doxorubicin Hydrochloride,Pfizer Laboratories Div Pfizer Inc,INTRAVENOUS,HUMAN PRESCRIPTION DRUG,True,Public pharma
NCT01332968,Hoffmann-La Roche,Vincristine,PHASE3,COMPLETED,Non-Hodgkin's Lymphoma,2011-07-06,2021-07-30,HOFFMANN LA ROCHE,vincristine,RHHBY,VINCRISTINE SULFATE,VinCRIStine Sulfate,"Hospira, Inc.",INTRAVENOUS,HUMAN PRESCRIPTION DRUG,True,Public pharma
NCT01332968,Hoffmann-La Roche,Prednisone,PHASE3,COMPLETED,Non-Hodgkin's Lymphoma,2011-07-06,2021-07-30,HOFFMANN LA ROCHE,prednisone,RHHBY,PREDNISONE,PredniSONE,A-S Medication Solutions,ORAL,HUMAN PRESCRIPTION DRUG,True,Public pharma
NCT01332968,Hoffmann-La Roche,Bendamustine,PHASE3,COMPLETED,Non-Hodgkin's Lymphoma,2011-07-06,2021-07-30,HOFFMANN LA ROCHE,bendamustine,RHHBY,BENDAMUSTINE HYDROCHLORIDE,Bendamustine Hydrochloride,Apotex Corp,INTRAVENOUS,HUMAN PRESCRIPTION DRUG,True,Public pharma
NCT01332968,Hoffmann-La Roche,Rituximab,PHASE3,COMPLETED,Non-Hodgkin's Lymphoma,2011-07-06,2021-07-30,HOFFMANN LA ROCHE,rituximab,RHHBY,RITUXIMAB AND HYALURONIDASE,Rituxan Hycela,"Genentech, Inc.",SUBCUTANEOUS,HUMAN PRESCRIPTION DRUG,True,Public pharma
NCT00008268,Memorial Sloan Kettering Cancer Center,melphalan,PHASE2,COMPLETED,Multiple Myeloma and Plasma Cell Neoplasm,2000-08-01,2003-06-01,MEMORIAL SLOAN KETTERING CANCER CENTER,melphalan,,MELPHALAN HYDROCHLORIDE,Melphalan Hydrochloride,Arthur Group LLC,INTRAVENOUS,HUMAN PRESCRIPTION DRUG,False,Academic / medical / govt
NCT02178358,Eli Lilly and Company,LY2157299,PHASE2,COMPLETED,Hepatocellular Carcinoma,2014-08-08,2021-02-18,ELI LILLY AND COMPANY,ly2157299,LLY,,,,,,True,Public pharma
NCT02178358,Eli Lilly and Company,Sorafenib,PHASE2,COMPLETED,Hepatocellular Carcinoma,2014-08-08,2021-02-18,ELI LILLY AND COMPANY,sorafenib,LLY,SORAFENIB,sorafenib,"Yabao Pharmaceutical Co., Ltd. Beijing",ORAL,HUMAN PRESCRIPTION DRUG,True,Public pharma
NCT02178358,Eli Lilly and Company,Placebo,PHASE2,COMPLETED,Hepatocellular Carcinoma,2014-08-08,2021-02-18,ELI LILLY AND COMPANY,placebo,LLY,,,,,,True,Public pharma
NCT06475755,Tang-Du Hospital,Immunochemotherapy combined with antiangiogenic,PHASE2,NOT_YET_RECRUITING,Non-Small Cell Lung Cancer; Anti Angiogenesis,2024-06-30,2027-12-31,TANG DU HOSPITAL,immunochemotherapy combined with antiangiogenic,,,,,,,False,Academic / medical / govt
NCT06475755,Tang-Du Hospital,Immunochemotherapy,PHASE2,NOT_YET_RECRUITING,Non-Small Cell Lung Cancer; Anti Angiogenesis,2024-06-30,2027-12-31,TANG DU HOSPITAL,immunochemotherapy,,,,,,,False,Academic / medical / govt
NCT00151255,University of Ulm,Cytarabine,PHASE3,COMPLETED,Acute Myeloid Leukemia,2004-06-01,2011-01-01,UNIVERSITY OF ULM,cytarabine,,CYTARABINE,Cytarabine,Meitheal Pharmaceuticals Inc.,INTRAVENOUS,HUMAN PRESCRIPTION DRUG,False,Academic / medical / govt
NCT00151255,University of Ulm,Idarubicin,PHASE3,COMPLETED,Acute Myeloid Leukemia,2004-06-01,2011-01-01,UNIVERSITY OF ULM,idarubicin,,IDARUBICIN HYDROCHLORIDE,Idamycin PFS,Pfizer Laboratories Div Pfizer Inc,INTRAVENOUS,HUMAN PRESCRIPTION DRUG,False,Academic / medical / govt
NCT00151255,University of Ulm,All-trans retinoic acid,PHASE3,COMPLETED,Acute Myeloid Leukemia,2004-06-01,2011-01-01,UNIVERSITY OF ULM,all-trans retinoic acid,,,,,,,False,Academic / medical / govt
NCT00151255,University of Ulm,Mitoxantrone,PHASE3,COMPLETED,Acute Myeloid Leukemia,2004-06-01,2011-01-01,UNIVERSITY OF ULM,mitoxantrone,,MITOXANTRONE,mitoXANTRONE,Meitheal Pharmaceuticals Inc.,INTRAVENOUS,HUMAN PRESCRIPTION DRUG,False,Academic / medical / govt
NCT00151255,University of Ulm,Etoposid,PHASE3,COMPLETED,Acute Myeloid Leukemia,2004-06-01,2011-01-01,UNIVERSITY OF ULM,etoposid,,,,,,,False,Academic / medical / govt
NCT00089778,National Cancer Institute (NCI),117-126:Fibroblast growth factor 5 (FGF-5),PHASE2,TERMINATED,Kidney Cancer,2004-09-10,2008-08-05,NATIONAL CANCER INSTITUTE NCI,117-126 fibroblast growth factor 5 fgf-5,,,,,,,False,Academic / medical / govt
NCT00089778,National Cancer Institute (NCI),Fibroblast growth factor 5 (FGF-5):172-176/217-220,PHASE2,TERMINATED,Kidney Cancer,2004-09-10,2008-08-05,NATIONAL CANCER INSTITUTE NCI,fibroblast growth factor 5 fgf-5 172-176 217-220,,,,,,,False,Academic / medical / govt
NCT03345485,Mundipharma Research Limited,Tinostamustine 60mg/m2 over 30min,PHASE1,COMPLETED,Small Cell Lung Cancer; Soft Tissue Sarcoma; Triple-negative Breast Cancer; Ovarian Cancer; Endometrial Cancer,2017-11-08,2023-03-29,MUNDIPHARMA RESEARCH,tinostamustine 60mg m2 over 30min,,,,,,,False,"Other (biotech, private, etc.)"
NCT03345485,Mundipharma Research Limited,Tinostamustine 80mg/m2 over 30min,PHASE1,COMPLETED,Small Cell Lung Cancer; Soft Tissue Sarcoma; Triple-negative Breast Cancer; Ovarian Cancer; Endometrial Cancer,2017-11-08,2023-03-29,MUNDIPHARMA RESEARCH,tinostamustine 80mg m2 over 30min,,,,,,,False,"Other (biotech, private, etc.)"
NCT03345485,Mundipharma Research Limited,Tinostamustine 100mg/m2 over 30min,PHASE1,COMPLETED,Small Cell Lung Cancer; Soft Tissue Sarcoma; Triple-negative Breast Cancer; Ovarian Cancer; Endometrial Cancer,2017-11-08,2023-03-29,MUNDIPHARMA RESEARCH,tinostamustine 100mg m2 over 30min,,,,,,,False,"Other (biotech, private, etc.)"
NCT03345485,Mundipharma Research Limited,Tinostamustine 60mg/m2 over 60min,PHASE1,COMPLETED,Small Cell Lung Cancer; Soft Tissue Sarcoma; Triple-negative Breast Cancer; Ovarian Cancer; Endometrial Cancer,2017-11-08,2023-03-29,MUNDIPHARMA RESEARCH,tinostamustine 60mg m2 over 60min,,,,,,,False,"Other (biotech, private, etc.)"
NCT03345485,Mundipharma Research Limited,Tinostamustine 80mg/m2 over 60min,PHASE1,COMPLETED,Small Cell Lung Cancer; Soft Tissue Sarcoma; Triple-negative Breast Cancer; Ovarian Cancer; Endometrial Cancer,2017-11-08,2023-03-29,MUNDIPHARMA RESEARCH,tinostamustine 80mg m2 over 60min,,,,,,,False,"Other (biotech, private, etc.)"
NCT03345485,Mundipharma Research Limited,Tinostamustine 100mg/m2 over 60min,PHASE1,COMPLETED,Small Cell Lung Cancer; Soft Tissue Sarcoma; Triple-negative Breast Cancer; Ovarian Cancer; Endometrial Cancer,2017-11-08,2023-03-29,MUNDIPHARMA RESEARCH,tinostamustine 100mg m2 over 60min,,,,,,,False,"Other (biotech, private, etc.)"
NCT03345485,Mundipharma Research Limited,Tinostamustine 80mg/m2 over 80min,PHASE1,COMPLETED,Small Cell Lung Cancer; Soft Tissue Sarcoma; Triple-negative Breast Cancer; Ovarian Cancer; Endometrial Cancer,2017-11-08,2023-03-29,MUNDIPHARMA RESEARCH,tinostamustine 80mg m2 over 80min,,,,,,,False,"Other (biotech, private, etc.)"
NCT00785785,Novartis Pharmaceuticals,Nilotinib (AMN107),PHASE3,COMPLETED,Gastrointestinal Stromal Tumor (GIST),2009-03-01,2014-10-01,NOVARTIS PHARMACEUTICALS,nilotinib amn107,NVS,,,,,,True,Public pharma
NCT00785785,Novartis Pharmaceuticals,imatinib (STI571),PHASE3,COMPLETED,Gastrointestinal Stromal Tumor (GIST),2009-03-01,2014-10-01,NOVARTIS PHARMACEUTICALS,imatinib sti571,NVS,,,,,,True,Public pharma
NCT07423585,Asrar Alahmadi,Tarlatamab,PHASE2,RECRUITING,Extensive Stage Lung Small Cell Carcinoma,2026-04-01,2027-12-31,ASRAR ALAHMADI,tarlatamab,,TARLATAMAB-DLLE,IMDELLTRA (AMG757),"Amgen, Inc",,HUMAN PRESCRIPTION DRUG,False,"Other (biotech, private, etc.)"
NCT02212015,Heidelberg University,Pazopanib + Paclitaxel,PHASE2,TERMINATED,Angiosarcoma,2014-07-01,2020-07-01,HEIDELBERG UNIVERSITY,pazopanib paclitaxel,,,,,,,False,Academic / medical / govt
NCT06897735,"Petrov, Andrey",Afatinib Dimaleat,PHASE1,NOT_YET_RECRUITING,Lung Cancer; Oral Cancer; Melanoma,2025-11-09,2026-05-07,PETROV ANDREY,afatinib dimaleat,,,,,,,False,"Other (biotech, private, etc.)"
NCT02544308,"University College, London",Lenalidomide,PHASE3,ACTIVE_NOT_RECRUITING,Plasmacytoma,2017-03-10,2026-12-01,UNIVERSITY COLLEGE LONDON,lenalidomide,,LENALIDOMIDE,Lenalidomide,"Teva Pharmaceuticals, Inc.",ORAL,HUMAN PRESCRIPTION DRUG,False,Academic / medical / govt
NCT02544308,"University College, London",Dexamethasone,PHASE3,ACTIVE_NOT_RECRUITING,Plasmacytoma,2017-03-10,2026-12-01,UNIVERSITY COLLEGE LONDON,dexamethasone,,DEXAMETHASONE,Dexamethasone,"Advanced Rx Pharmacy of Tennessee, LLC",ORAL,HUMAN PRESCRIPTION DRUG,False,Academic / medical / govt
NCT01490476,Assistance Publique - Hôpitaux de Paris,RAD001,PHASE2,COMPLETED,Neurofibromatosis 2,2012-01-01,2017-01-01,ASSISTANCE PUBLIQUE HÔPITAUX DE PARIS,rad001,,,,,,,False,"Other (biotech, private, etc.)"
NCT00756717,Loyola University,MK-0752,PHASE4,COMPLETED,Breast Cancer,2008-02-14,2011-12-21,LOYOLA UNIVERSITY,mk-0752,,,,,,,False,Academic / medical / govt
NCT01457417,"Leap Therapeutics, Inc.",DKN-01,PHASE1,COMPLETED,Multiple Myeloma; Solid Tumors; Non-Small Cell Lung Cancer,2012-01-01,2013-12-01,LEAP THERAPEUTICS,dkn-01,,,,,,,False,"Other (biotech, private, etc.)"
NCT04257617,"Zai Lab (Shanghai) Co., Ltd.",ZL-1201,PHASE1,COMPLETED,Advanced Cancer,2020-05-11,2023-01-19,ZAI LAB SHANGHAI,zl-1201,,,,,,,False,"Other (biotech, private, etc.)"
NCT03511768,Xiangya Hospital of Central South University,18F-AlF-NOTA-octreotide,PHASE1,UNKNOWN,Neuroendocrine Neoplasm,2018-01-02,2020-12-30,XIANGYA HOSPITAL OF CENTRAL SOUTH UNIVERSITY,18f-alf-nota-octreotide,,,,,,,False,Academic / medical / govt
NCT03058289,"Intensity Therapeutics, Inc.",INT230-6,PHASE1,COMPLETED,Breast Cancer; Head and Neck Cancer; Squamous Cell Carcinoma; Lymphoma; Pancreatic Cancer; Liver Cancer; Colon Cancer; Lung Cancer; Bile Duct Cancer; Chordoma of Sacrum; Sarcoma,2017-02-09,2023-02-22,INTENSITY THERAPEUTICS,int230-6,,,,,,,False,"Other (biotech, private, etc.)"
NCT00577889,National Cancer Institute (NCI),gemcitabine hydrochloride,PHASE2,COMPLETED,Adenocarcinoma of the Pancreas; Recurrent Pancreatic Cancer; Stage IV Pancreatic Cancer,2008-03-01,2013-05-01,NATIONAL CANCER INSTITUTE NCI,gemcitabine,,GEMCITABINE HYDROCHLORIDE,Gemcitabine,Mylan Institutional LLC,INTRAVENOUS,HUMAN PRESCRIPTION DRUG,False,Academic / medical / govt
NCT00577889,National Cancer Institute (NCI),tanespimycin,PHASE2,COMPLETED,Adenocarcinoma of the Pancreas; Recurrent Pancreatic Cancer; Stage IV Pancreatic Cancer,2008-03-01,2013-05-01,NATIONAL CANCER INSTITUTE NCI,tanespimycin,,,,,,,False,Academic / medical / govt
NCT06487455,"Shanghai Pharmaceuticals Holding Co., Ltd",SPH7485,PHASE1,RECRUITING,Advanced Solid Tumor,2024-08-06,2027-12-31,SHANGHAI PHARMACEUTICALS HOLDING,sph7485,,,,,,,False,"Other (biotech, private, etc.)"
NCT04641455,Vitkovice Hospital,"Espumisan, N acetylcystein",NA,UNKNOWN,Gastric Cancer; Gastroscopy,2020-12-01,2021-06-30,VITKOVICE HOSPITAL,espumisan n acetylcystein,,,,,,,False,Academic / medical / govt
NCT04641455,Vitkovice Hospital,Water,NA,UNKNOWN,Gastric Cancer; Gastroscopy,2020-12-01,2021-06-30,VITKOVICE HOSPITAL,water,,ADVANCED COCONUT WATER AND LIME DRY SPRAY 72H ANTIPERSPIRANT DEODORANT,Dove,"Conopco, Inc. d/b/a Unilever",TOPICAL,HUMAN OTC DRUG,False,Academic / medical / govt
NCT04247126,Syros Pharmaceuticals,SY-5609,PHASE1,COMPLETED,Advanced Solid Tumor; Breast Cancer; Small-cell Lung Cancer; Pancreatic Cancer,2020-01-23,2023-03-30,SYROS PHARMACEUTICALS,sy-5609,,,,,,,False,"Other (biotech, private, etc.)"
NCT04247126,Syros Pharmaceuticals,Fulvestrant,PHASE1,COMPLETED,Advanced Solid Tumor; Breast Cancer; Small-cell Lung Cancer; Pancreatic Cancer,2020-01-23,2023-03-30,SYROS PHARMACEUTICALS,fulvestrant,,FULVESTRANT,Fulvestrant,Meitheal Pharmaceuticals Inc,INTRAMUSCULAR,HUMAN PRESCRIPTION DRUG,False,"Other (biotech, private, etc.)"
NCT04247126,Syros Pharmaceuticals,Gemcitabine,PHASE1,COMPLETED,Advanced Solid Tumor; Breast Cancer; Small-cell Lung Cancer; Pancreatic Cancer,2020-01-23,2023-03-30,SYROS PHARMACEUTICALS,gemcitabine,,GEMCITABINE HYDROCHLORIDE,Gemcitabine,Mylan Institutional LLC,INTRAVENOUS,HUMAN PRESCRIPTION DRUG,False,"Other (biotech, private, etc.)"
NCT04247126,Syros Pharmaceuticals,Nab-paclitaxel,PHASE1,COMPLETED,Advanced Solid Tumor; Breast Cancer; Small-cell Lung Cancer; Pancreatic Cancer,2020-01-23,2023-03-30,SYROS PHARMACEUTICALS,nab-paclitaxel,,,,,,,False,"Other (biotech, private, etc.)"
NCT01484626,Loyola University,Bendamustine,PHASE1,TERMINATED,Multiple Myeloma,2011-05-05,2014-06-18,LOYOLA UNIVERSITY,bendamustine,,BENDAMUSTINE HYDROCHLORIDE,Bendamustine Hydrochloride,Apotex Corp,INTRAVENOUS,HUMAN PRESCRIPTION DRUG,False,Academic / medical / govt
NCT03328078,"Curis, Inc.",Emavusertib,PHASE1,RECRUITING,Relapsed Hematologic Malignancy; Refractory Hematologic Malignancy; Relapsed Primary Central Nervous System Lymphoma; Refractory Primary Central Nervous System Lymphoma,2017-12-28,2026-10-01,CURIS,emavusertib,,,,,,,False,"Other (biotech, private, etc.)"
NCT03328078,"Curis, Inc.",Ibrutinib,PHASE1,RECRUITING,Relapsed Hematologic Malignancy; Refractory Hematologic Malignancy; Relapsed Primary Central Nervous System Lymphoma; Refractory Primary Central Nervous System Lymphoma,2017-12-28,2026-10-01,CURIS,ibrutinib,,IBRUTINIB,Imbruvica,Pharmacyclics LLC,ORAL,HUMAN PRESCRIPTION DRUG,False,"Other (biotech, private, etc.)"
NCT07465835,Electra Therapeutics Inc.,ELA026,PHASE1,RECRUITING,T Cell Malignancies,2026-02-17,2028-12-01,ELECTRA THERAPEUTICS,ela026,,,,,,,False,"Other (biotech, private, etc.)"
NCT03837808,Sun Yat-sen University,Nimotuzumab,PHASE3,UNKNOWN,Nasopharyngeal Carcinoma; Nasopharyngeal Neoplasms; Nasopharyngeal Diseases; Head and Neck Neoplasm,2019-04-11,2024-02-11,SUN YAT SEN UNIVERSITY,nimotuzumab,,,,,,,False,Academic / medical / govt
NCT03837808,Sun Yat-sen University,Cisplatin,PHASE3,UNKNOWN,Nasopharyngeal Carcinoma; Nasopharyngeal Neoplasms; Nasopharyngeal Diseases; Head and Neck Neoplasm,2019-04-11,2024-02-11,SUN YAT SEN UNIVERSITY,cisplatin,,CISPLATIN,Cisplatin,Sagent Pharmaceuticals,INTRAVENOUS,HUMAN PRESCRIPTION DRUG,False,Academic / medical / govt
NCT01639508,Memorial Sloan Kettering Cancer Center,Cabozantinib,PHASE2,RECRUITING,Non-Small Cell Lung Cancer,2012-07-01,2026-07-01,MEMORIAL SLOAN KETTERING CANCER CENTER,cabozantinib,,CABOZANTINIB,COMETRIQ,"Exelixis, Inc.",ORAL,HUMAN PRESCRIPTION DRUG,False,Academic / medical / govt
NCT02838225,Peking Union Medical College Hospital,"Docetaxel, Doxorubicin",PHASE2,COMPLETED,Breast Cancer,2009-01-01,,PEKING UNION MEDICAL COLLEGE HOSPITAL,docetaxel doxorubicin,,,,,,,False,Academic / medical / govt
NCT02838225,Peking Union Medical College Hospital,"Docetaxel, Doxorubicin, Cyclophosphamide",PHASE2,COMPLETED,Breast Cancer,2009-01-01,,PEKING UNION MEDICAL COLLEGE HOSPITAL,docetaxel doxorubicin cyclophosphamide,,,,,,,False,Academic / medical / govt
NCT00064025,Gynecologic Oncology Group,Medroxyprogesterone,PHASE2,COMPLETED,"Endometrial Adenocarcinoma; Endometrial Adenosquamous Carcinoma; Endometrial Endometrioid Adenocarcinoma, Variant With Squamous Differentiation; Recurrent Uterine Corpus Carcinoma; Stage I Uterine Corpus Cancer; Stage II Uterine Corpus Cancer; Stage III Uterine Corpus Cancer; Stage IV Uterine Corpus Cancer",2004-04-01,,GYNECOLOGIC ONCOLOGY GROUP,medroxyprogesterone,,MEDROXYPROGESTERONE ACETATE,MEDROXYPROGESTERONE ACETATE,"Sun Pharmaceutical Industries, Inc.",INTRAMUSCULAR,HUMAN PRESCRIPTION DRUG,False,"Other (biotech, private, etc.)"
NCT06008925,CNBG-Virogin Biotech (Shanghai) Ltd.,Recombinant Human IL12/15-PDL1B Oncolytic HSV-1 Injection (Vero Cell)),PHASE1,RECRUITING,Metastatic Gastric Cancer,2022-11-17,2026-06-01,CNBG VIROGIN BIOTECH SHANGHAI,recombinant human il12 15-pdl1b oncolytic hsv-1 vero cell,,,,,,,False,"Other (biotech, private, etc.)"
NCT06008925,CNBG-Virogin Biotech (Shanghai) Ltd.,Nivolumab Injection,PHASE1,RECRUITING,Metastatic Gastric Cancer,2022-11-17,2026-06-01,CNBG VIROGIN BIOTECH SHANGHAI,nivolumab,,NIVOLUMAB AND HYALURONIDASE-NVHY,OPDIVO QVANTIG,"E.R. Squibb & Sons, L.L.C.",SUBCUTANEOUS,HUMAN PRESCRIPTION DRUG,False,"Other (biotech, private, etc.)"
NCT00433576,National Cancer Institute (NCI),resveratrol,PHASE1,COMPLETED,Adenocarcinoma of the Colon; Adenocarcinoma of the Rectum; Stage I Colon Cancer; Stage I Rectal Cancer; Stage II Colon Cancer; Stage II Rectal Cancer; Stage III Colon Cancer; Stage III Rectal Cancer,2006-12-01,2009-03-01,NATIONAL CANCER INSTITUTE NCI,resveratrol,,"OCTINOXATE, HOMOSALATE, OCTISILATE, OXYBENZONE AND AVOBENZONE",Vine Vera Resveratrol Cabernet Replenishing Moisture,Innovation Brands Inc.,TOPICAL,HUMAN OTC DRUG,False,Academic / medical / govt
NCT04084717,"University Health Network, Toronto",Crizotinib,PHASE2,RECRUITING,Non-squamous Non-small-cell Lung Cancer; Stage IV Non-small Cell Lung Cancer; ROS1 Gene Rearrangement; MET Activating Mutation; MET Amplification,2019-12-03,2025-06-01,UNIVERSITY HEALTH NETWORK TORONTO,crizotinib,,CRIZOTINIB,Xalkori,Pfizer Laboratories Div Pfizer Inc,ORAL,HUMAN PRESCRIPTION DRUG,False,Academic / medical / govt
NCT07407517,Fudan University,Everolimus 10 mg daily,PHASE3,NOT_YET_RECRUITING,Breast Cancer Females; Triple Negative Breast Cancer (TNBC),2026-02-01,2033-02-01,FUDAN UNIVERSITY,everolimus 10 mg daily,,,,,,,False,Academic / medical / govt
NCT00439517,"Merck KGaA, Darmstadt, Germany",UFOX + Cetuximab,PHASE2,COMPLETED,Previously Untreated Metastatic Colorectal Cancer,2007-02-01,2012-05-01,MERCK KGAA DARMSTADT GERMANY,ufox cetuximab,,,,,,,False,"Other (biotech, private, etc.)"
NCT00439517,"Merck KGaA, Darmstadt, Germany",FOLFOX4 + Cetuximab,PHASE2,COMPLETED,Previously Untreated Metastatic Colorectal Cancer,2007-02-01,2012-05-01,MERCK KGAA DARMSTADT GERMANY,folfox4 cetuximab,,,,,,,False,"Other (biotech, private, etc.)"
NCT07089940,OHSU Knight Cancer Institute,Myc Inhibitor OMO-103,EARLY_PHASE1,RECRUITING,Locally Advanced Pancreatic Ductal Adenocarcinoma; Metastatic Pancreatic Ductal Adenocarcinoma; Stage II Pancreatic Cancer AJCC v8; Stage III Pancreatic Cancer AJCC v8; Stage IV Pancreatic Cancer AJCC v8,2026-01-27,2027-12-31,OHSU KNIGHT CANCER INSTITUTE,myc inhibitor omo-103,,,,,,,False,Academic / medical / govt
NCT01374789,WiSP Wissenschaftlicher Service Pharma GmbH,GemCis + Panitumumab,PHASE2,TERMINATED,Urinary Bladder Cancer,2010-07-01,2012-03-01,WISP WISSENSCHAFTLICHER SERVICE PHARMA,gemcis panitumumab,,,,,,,False,"Other (biotech, private, etc.)"
NCT01374789,WiSP Wissenschaftlicher Service Pharma GmbH,GemCis,PHASE2,TERMINATED,Urinary Bladder Cancer,2010-07-01,2012-03-01,WISP WISSENSCHAFTLICHER SERVICE PHARMA,gemcis,,,,,,,False,"Other (biotech, private, etc.)"
NCT01477489,University of Michigan Rogel Cancer Center,Veliparib,PHASE1,COMPLETED,Breast Cancer,2012-01-01,2017-10-01,UNIVERSITY OF MICHIGAN ROGEL CANCER CENTER,veliparib,,,,,,,False,Academic / medical / govt
NCT03630640,Assistance Publique - Hôpitaux de Paris,Nivolumab Injection [Opdivo],PHASE2,COMPLETED,Hepatocellular Carcinoma,2018-10-11,2023-08-19,ASSISTANCE PUBLIQUE HÔPITAUX DE PARIS,nivolumab opdivo,,,,,,,False,"Other (biotech, private, etc.)"
NCT02454478,"Eisai Co., Ltd.",Lenvatinib,PHASE1,COMPLETED,"Carcinoma, Renal Cell",2015-07-01,2017-05-29,EISAI,lenvatinib,,LENVATINIB,Lenvima,Eisai Inc.,ORAL,HUMAN PRESCRIPTION DRUG,False,"Other (biotech, private, etc.)"
NCT02454478,"Eisai Co., Ltd.",Everolimus,PHASE1,COMPLETED,"Carcinoma, Renal Cell",2015-07-01,2017-05-29,EISAI,everolimus,,EVEROLIMUS,Everolimus,"Breckenridge Pharmaceutical, Inc.",ORAL,HUMAN PRESCRIPTION DRUG,False,"Other (biotech, private, etc.)"
NCT01534585,Taizhou Hospital,Icotinib,PHASE1,COMPLETED,Nasopharyngeal Carcinoma,2012-02-01,2015-02-01,TAIZHOU HOSPITAL,icotinib,,,,,,,False,Academic / medical / govt
NCT01534585,Taizhou Hospital,Paclitaxel and Cisplatin,PHASE1,COMPLETED,Nasopharyngeal Carcinoma,2012-02-01,2015-02-01,TAIZHOU HOSPITAL,paclitaxel and cisplatin,,,,,,,False,Academic / medical / govt
NCT00629343,Columbia University,Azacitidine,PHASE1,COMPLETED,Soft Tissue Sarcoma; Mesothelioma,2007-10-01,2012-10-01,COLUMBIA UNIVERSITY,azacitidine,,AZACITIDINE FOR,AZACITIDINE,Pilnova Pharma Inc,INTRAVENOUS,HUMAN PRESCRIPTION DRUG,False,Academic / medical / govt
NCT00629343,Columbia University,Temozolomide,PHASE1,COMPLETED,Soft Tissue Sarcoma; Mesothelioma,2007-10-01,2012-10-01,COLUMBIA UNIVERSITY,temozolomide,,TEMOZOLOMIDE,TEMODAR,Merck Sharp & Dohme LLC,ORAL,HUMAN PRESCRIPTION DRUG,False,Academic / medical / govt
NCT06470243,SWOG Cancer Research Network,Cabazitaxel,PHASE3,RECRUITING,Castration-Resistant Prostate Carcinoma; Stage IVB Prostate Cancer AJCC v8,2024-11-27,2034-04-01,SWOG CANCER RESEARCH NETWORK,cabazitaxel,,CABAZITAXEL,Jevtana,Sanofi-Aventis U.S. LLC,,HUMAN PRESCRIPTION DRUG,False,Academic / medical / govt
NCT06470243,SWOG Cancer Research Network,Carboplatin,PHASE3,RECRUITING,Castration-Resistant Prostate Carcinoma; Stage IVB Prostate Cancer AJCC v8,2024-11-27,2034-04-01,SWOG CANCER RESEARCH NETWORK,carboplatin,,CARBOPLATIN,CARBOPLATIN,Apotex Corp.,INTRAVENOUS,HUMAN PRESCRIPTION DRUG,False,Academic / medical / govt
NCT06470243,SWOG Cancer Research Network,Prednisone,PHASE3,RECRUITING,Castration-Resistant Prostate Carcinoma; Stage IVB Prostate Cancer AJCC v8,2024-11-27,2034-04-01,SWOG CANCER RESEARCH NETWORK,prednisone,,PREDNISONE,PredniSONE,A-S Medication Solutions,ORAL,HUMAN PRESCRIPTION DRUG,False,Academic / medical / govt
NCT00354835,Children's Oncology Group,Cyclophosphamide,PHASE3,COMPLETED,Adult Rhabdomyosarcoma; Childhood Alveolar Rhabdomyosarcoma; Childhood Botryoid-Type Embryonal Rhabdomyosarcoma; Childhood Embryonal Rhabdomyosarcoma; Localized Childhood Soft Tissue Sarcoma; Rhabdomyosarcoma; Sarcoma; Stage I Adult Soft Tissue Sarcoma AJCC v7; Stage II Adult Soft Tissue Sarcoma AJCC v7; Stage III Adult Soft Tissue Sarcoma AJCC v7,2006-12-26,2022-12-31,CHILDREN S ONCOLOGY GROUP,cyclophosphamide,,CYCLOPHOSPHAMIDE,CYCLOPHOSPHAMIDE,"XGen Pharmaceuticals DJB, Inc.",INTRAVENOUS,HUMAN PRESCRIPTION DRUG,False,"Other (biotech, private, etc.)"
NCT00354835,Children's Oncology Group,Irinotecan Hydrochloride,PHASE3,COMPLETED,Adult Rhabdomyosarcoma; Childhood Alveolar Rhabdomyosarcoma; Childhood Botryoid-Type Embryonal Rhabdomyosarcoma; Childhood Embryonal Rhabdomyosarcoma; Localized Childhood Soft Tissue Sarcoma; Rhabdomyosarcoma; Sarcoma; Stage I Adult Soft Tissue Sarcoma AJCC v7; Stage II Adult Soft Tissue Sarcoma AJCC v7; Stage III Adult Soft Tissue Sarcoma AJCC v7,2006-12-26,2022-12-31,CHILDREN S ONCOLOGY GROUP,irinotecan,,IRINOTECAN HYDROCHLORIDE,Irinotecan Hydrochloride 100 mg/5 mL,Armas Pharmaceuticals Inc.,INTRAVENOUS,HUMAN PRESCRIPTION DRUG,False,"Other (biotech, private, etc.)"
NCT00354835,Children's Oncology Group,Vincristine Sulfate,PHASE3,COMPLETED,Adult Rhabdomyosarcoma; Childhood Alveolar Rhabdomyosarcoma; Childhood Botryoid-Type Embryonal Rhabdomyosarcoma; Childhood Embryonal Rhabdomyosarcoma; Localized Childhood Soft Tissue Sarcoma; Rhabdomyosarcoma; Sarcoma; Stage I Adult Soft Tissue Sarcoma AJCC v7; Stage II Adult Soft Tissue Sarcoma AJCC v7; Stage III Adult Soft Tissue Sarcoma AJCC v7,2006-12-26,2022-12-31,CHILDREN S ONCOLOGY GROUP,vincristine,,VINCRISTINE SULFATE,VinCRIStine Sulfate,"Hospira, Inc.",INTRAVENOUS,HUMAN PRESCRIPTION DRUG,False,"Other (biotech, private, etc.)"
NCT00804908,"AbbVie (prior sponsor, Abbott)",temozolomide,PHASE2,COMPLETED,Melanoma; Metastatic Melanoma; Skin Cancer,2009-02-01,2016-01-01,ABBVIE PRIOR SPONSOR ABBOTT,temozolomide,,TEMOZOLOMIDE,TEMODAR,Merck Sharp & Dohme LLC,ORAL,HUMAN PRESCRIPTION DRUG,False,"Other (biotech, private, etc.)"
NCT00804908,"AbbVie (prior sponsor, Abbott)",ABT-888,PHASE2,COMPLETED,Melanoma; Metastatic Melanoma; Skin Cancer,2009-02-01,2016-01-01,ABBVIE PRIOR SPONSOR ABBOTT,abt-888,,,,,,,False,"Other (biotech, private, etc.)"
NCT02440425,H. Lee Moffitt Cancer Center and Research Institute,Pembrolizumab,PHASE2,COMPLETED,Ovarian Cancer,2015-10-20,2021-05-27,H LEE MOFFITT CANCER CENTER AND RESEARCH INSTITUTE,pembrolizumab,,PEMBROLIZUMAB AND BERAHYALURONIDASE ALFA-PMPH,KEYTRUDA QLEX,Merck Sharp & Dohme LLC,SUBCUTANEOUS,HUMAN PRESCRIPTION DRUG,False,Academic / medical / govt
NCT02440425,H. Lee Moffitt Cancer Center and Research Institute,Paclitaxel,PHASE2,COMPLETED,Ovarian Cancer,2015-10-20,2021-05-27,H LEE MOFFITT CANCER CENTER AND RESEARCH INSTITUTE,paclitaxel,,PACLITAXEL,Paclitaxel,Alembic Pharmaceuticals Inc.,INTRAVENOUS,HUMAN PRESCRIPTION DRUG,False,Academic / medical / govt
NCT01955668,AstraZeneca,Administration of AZD6738,PHASE1,COMPLETED,"11q-deleted Relapsed/Refractory Chronic Lymphocytic Leukaemia (CLL),; Prolymphocytic Leukaemia (PLL); B Cell Lymphomas",2013-11-01,2013-12-01,ASTRAZENECA,administration of azd6738,AZN,,,,,,True,Public pharma
NCT00082368,National Cancer Institute (NCI),Tariquidar,PHASE2,COMPLETED,Cancer,2004-05-16,2014-04-14,NATIONAL CANCER INSTITUTE NCI,tariquidar,,,,,,,False,Academic / medical / govt
NCT00082368,National Cancer Institute (NCI),Tc-94m Sestamibi,PHASE2,COMPLETED,Cancer,2004-05-16,2014-04-14,NATIONAL CANCER INSTITUTE NCI,tc-94m sestamibi,,,,,,,False,Academic / medical / govt
NCT01790568,University of Michigan Rogel Cancer Center,Vorinostat,PHASE2,COMPLETED,Graft vs Host Disease; Hematologic Neoplasms; Non-Neoplastic Hematologic and Lymphocytic Disorder,2014-12-01,2017-10-31,UNIVERSITY OF MICHIGAN ROGEL CANCER CENTER,vorinostat,,VORINOSTAT,ZOLINZA,Merck Sharp & Dohme LLC,ORAL,HUMAN PRESCRIPTION DRUG,False,Academic / medical / govt
NCT01790568,University of Michigan Rogel Cancer Center,Tacrolimus,PHASE2,COMPLETED,Graft vs Host Disease; Hematologic Neoplasms; Non-Neoplastic Hematologic and Lymphocytic Disorder,2014-12-01,2017-10-31,UNIVERSITY OF MICHIGAN ROGEL CANCER CENTER,tacrolimus,,TACROLIMUS EXTENDED-RELEASE CAPSULES,tacrolimus,"Chengdu Suncadia Medicine Co., Ltd.",ORAL,HUMAN PRESCRIPTION DRUG,False,Academic / medical / govt
NCT01790568,University of Michigan Rogel Cancer Center,Methotrexate,PHASE2,COMPLETED,Graft vs Host Disease; Hematologic Neoplasms; Non-Neoplastic Hematologic and Lymphocytic Disorder,2014-12-01,2017-10-31,UNIVERSITY OF MICHIGAN ROGEL CANCER CENTER,methotrexate,,METHOTREXATE,METHOTREXATE,Alembic Pharmaceuticals Inc.,ORAL,HUMAN PRESCRIPTION DRUG,False,Academic / medical / govt
NCT00728468,Pfizer,PF-00299804,PHASE1,COMPLETED,Advanced Malignant Solid Tumors,2008-09-01,2014-07-01,PFIZER,pf-00299804,PFE,,,,,,True,Public pharma
NCT04631835,"Jiangsu Hansoh Pharmaceutical Co., Ltd.",HS-10352,PHASE1,UNKNOWN,Breast Cancer,2020-09-08,2023-08-31,JIANGSU HANSOH PHARMACEUTICAL,hs-10352,,,,,,,False,"Other (biotech, private, etc.)"
NCT03903835,Karolinska Institutet,Enzalutamide Oral Capsule,PHASE3,RECRUITING,Metastatic Castration-resistant Prostate Cancer (mCRPC); Metastatic Hormone-Sensitive Prostate Cancer (mHSPC),2019-02-01,2026-12-01,KAROLINSKA INSTITUTET,enzalutamide oral,,,,,,,False,Academic / medical / govt
NCT03903835,Karolinska Institutet,Abiraterone Oral Tablet,PHASE3,RECRUITING,Metastatic Castration-resistant Prostate Cancer (mCRPC); Metastatic Hormone-Sensitive Prostate Cancer (mHSPC),2019-02-01,2026-12-01,KAROLINSKA INSTITUTET,abiraterone oral,,,,,,,False,Academic / medical / govt
NCT03903835,Karolinska Institutet,Carboplatin,PHASE3,RECRUITING,Metastatic Castration-resistant Prostate Cancer (mCRPC); Metastatic Hormone-Sensitive Prostate Cancer (mHSPC),2019-02-01,2026-12-01,KAROLINSKA INSTITUTET,carboplatin,,CARBOPLATIN,CARBOPLATIN,Apotex Corp.,INTRAVENOUS,HUMAN PRESCRIPTION DRUG,False,Academic / medical / govt
NCT03903835,Karolinska Institutet,Cabazitaxel 60 mg Solution for Injection,PHASE3,RECRUITING,Metastatic Castration-resistant Prostate Cancer (mCRPC); Metastatic Hormone-Sensitive Prostate Cancer (mHSPC),2019-02-01,2026-12-01,KAROLINSKA INSTITUTET,cabazitaxel 60 mg solution for,,,,,,,False,Academic / medical / govt
NCT03903835,Karolinska Institutet,Docetaxel Injectable Solution,PHASE3,RECRUITING,Metastatic Castration-resistant Prostate Cancer (mCRPC); Metastatic Hormone-Sensitive Prostate Cancer (mHSPC),2019-02-01,2026-12-01,KAROLINSKA INSTITUTET,docetaxel injectable solution,,,,,,,False,Academic / medical / govt
NCT03903835,Karolinska Institutet,Radium Chloride Ra-223,PHASE3,RECRUITING,Metastatic Castration-resistant Prostate Cancer (mCRPC); Metastatic Hormone-Sensitive Prostate Cancer (mHSPC),2019-02-01,2026-12-01,KAROLINSKA INSTITUTET,radium chloride ra-223,,,,,,,False,Academic / medical / govt
NCT03903835,Karolinska Institutet,Niraparib plus Abiraterone acetate plus Prednisone,PHASE3,RECRUITING,Metastatic Castration-resistant Prostate Cancer (mCRPC); Metastatic Hormone-Sensitive Prostate Cancer (mHSPC),2019-02-01,2026-12-01,KAROLINSKA INSTITUTET,niraparib plus abiraterone plus prednisone,,,,,,,False,Academic / medical / govt
NCT03903835,Karolinska Institutet,Capivasertib plus Docetaxel,PHASE3,RECRUITING,Metastatic Castration-resistant Prostate Cancer (mCRPC); Metastatic Hormone-Sensitive Prostate Cancer (mHSPC),2019-02-01,2026-12-01,KAROLINSKA INSTITUTET,capivasertib plus docetaxel,,,,,,,False,Academic / medical / govt
NCT03903835,Karolinska Institutet,Apalutamide,PHASE3,RECRUITING,Metastatic Castration-resistant Prostate Cancer (mCRPC); Metastatic Hormone-Sensitive Prostate Cancer (mHSPC),2019-02-01,2026-12-01,KAROLINSKA INSTITUTET,apalutamide,,APALUTAMIDE,ERLEADA,"Janssen Products, LP",ORAL,HUMAN PRESCRIPTION DRUG,False,Academic / medical / govt
NCT03903835,Karolinska Institutet,Darolutamide,PHASE3,RECRUITING,Metastatic Castration-resistant Prostate Cancer (mCRPC); Metastatic Hormone-Sensitive Prostate Cancer (mHSPC),2019-02-01,2026-12-01,KAROLINSKA INSTITUTET,darolutamide,,DAROLUTAMIDE,NUBEQA,Bayer HealthCare Pharmaceuticals Inc.,ORAL,HUMAN PRESCRIPTION DRUG,False,Academic / medical / govt
NCT03742908,Tianjin Medical University Cancer Institute and Hospital,Cefazolin/clindamycin,NA,UNKNOWN,Breast Neoplasms,2018-06-16,2021-10-31,TIANJIN MEDICAL UNIVERSITY CANCER INSTITUTE AND HOSPITAL,cefazolin clindamycin,,,,,,,False,Academic / medical / govt
NCT02686008,Yale University,Olaparib,PHASE1,WITHDRAWN,Squamous Cell Carcinoma of the Head and Neck,2018-01-01,2019-07-01,YALE UNIVERSITY,olaparib,,OLAPARIB,Lynparza,AstraZeneca Pharmaceuticals LP,ORAL,HUMAN PRESCRIPTION DRUG,False,Academic / medical / govt
NCT04346225,"Ivan de Kouchkovsky, MD",Hyperpolarized C13,PHASE2,RECRUITING,Prostate Cancer; Advanced Prostate Carcinoma,2020-07-16,2026-11-30,IVAN DE KOUCHKOVSKY MD,hyperpolarized c13,,,,,,,False,"Other (biotech, private, etc.)"
NCT04853017,Elicio Therapeutics,ELI-002 2P,PHASE1,COMPLETED,Minimal Residual Disease; KRAS G12D; KRAS G12R; NRAS G12D; NRAS G12R; Pancreatic Ductal Adenocarcinoma; Colorectal Cancer; Non-small Cell Lung Cancer; Ovarian Cancer; Cholangiocarcinoma; Bile Duct Cancer; Gallbladder Carcinoma,2021-10-04,2024-09-24,ELICIO THERAPEUTICS,eli-002 2p,,,,,,,False,"Other (biotech, private, etc.)"
NCT07229040,Hospital General Universitario Gregorio Marañon,cilastatine,PHASE2,RECRUITING,Debulking Surgery for Ovarian Cancer; Acute Kidney Injury,2025-02-21,2028-10-21,HOSPITAL GENERAL UNIVERSITARIO GREGORIO MARAÑON,cilastatine,,,,,,,False,Academic / medical / govt
NCT07229040,Hospital General Universitario Gregorio Marañon,tiosulfate,PHASE2,RECRUITING,Debulking Surgery for Ovarian Cancer; Acute Kidney Injury,2025-02-21,2028-10-21,HOSPITAL GENERAL UNIVERSITARIO GREGORIO MARAÑON,tiosulfate,,,,,,,False,Academic / medical / govt
NCT05477589,Vastra Gotaland Region,"busulfan, cyclophosphamide and melphalan, BuCyMel",PHASE3,RECRUITING,Acute Myeloid Leukemia (AML) in Remission; Stem Cell Transplantation,2022-06-07,2031-12-31,VASTRA GOTALAND REGION,busulfan cyclophosphamide and melphalan bucymel,,,,,,,False,"Other (biotech, private, etc.)"
NCT05477589,Vastra Gotaland Region,"clofarabine, fludarabine and busulfan, CloFluBu",PHASE3,RECRUITING,Acute Myeloid Leukemia (AML) in Remission; Stem Cell Transplantation,2022-06-07,2031-12-31,VASTRA GOTALAND REGION,clofarabine fludarabine and busulfan cloflubu,,,,,,,False,"Other (biotech, private, etc.)"
NCT00744640,"University Hospital, Basel, Switzerland","gemcitabine, oxaliplatin, capecitabine",PHASE1,COMPLETED,Locally Advanced Pancreatic Cancer; Metastatic Pancreatic Cancer,2005-10-01,2009-12-01,UNIVERSITY HOSPITAL BASEL SWITZERLAND,gemcitabine oxaliplatin capecitabine,,,,,,,False,Academic / medical / govt
NCT00142168,Dana-Farber Cancer Institute,CC-5103 (lenalidomide),PHASE2,TERMINATED,Waldenstrom's Macroglobulinemia,2004-09-01,2008-04-01,DANA FARBER CANCER INSTITUTE,cc-5103 lenalidomide,,,,,,,False,Academic / medical / govt
NCT00142168,Dana-Farber Cancer Institute,Rituximab,PHASE2,TERMINATED,Waldenstrom's Macroglobulinemia,2004-09-01,2008-04-01,DANA FARBER CANCER INSTITUTE,rituximab,,RITUXIMAB AND HYALURONIDASE,Rituxan Hycela,"Genentech, Inc.",SUBCUTANEOUS,HUMAN PRESCRIPTION DRUG,False,Academic / medical / govt
NCT03501368,H. Lee Moffitt Cancer Center and Research Institute,Ceritinib,PHASE1,COMPLETED,Melanoma; Unresectable Melanoma; Advanced Melanoma,2018-06-27,2024-12-30,H LEE MOFFITT CANCER CENTER AND RESEARCH INSTITUTE,ceritinib,,CERITINIB,ZYKADIA,Novartis Pharmaceuticals Corporation,ORAL,HUMAN PRESCRIPTION DRUG,False,Academic / medical / govt
NCT03501368,H. Lee Moffitt Cancer Center and Research Institute,Trametinib,PHASE1,COMPLETED,Melanoma; Unresectable Melanoma; Advanced Melanoma,2018-06-27,2024-12-30,H LEE MOFFITT CANCER CENTER AND RESEARCH INSTITUTE,trametinib,,TRAMETINIB,Mekinist,Novartis Pharmaceuticals Corporation,ORAL,HUMAN PRESCRIPTION DRUG,False,Academic / medical / govt
NCT04416568,Dana-Farber Cancer Institute,Nivolumab,PHASE2,ACTIVE_NOT_RECRUITING,Malignant Rhabdoid Tumor; Rhabdoid Tumor of the Kidney; Epithelioid Sarcoma; Chordoma (Poorly Differentiated or De-differentiated); Atypical Teratoid/Rhabdoid Tumor; Other INI1 Negative Tumors (With PI Approval); Other SMARCA4-deficient Malignant Tumors (With PI Approval),2020-08-14,2026-06-01,DANA FARBER CANCER INSTITUTE,nivolumab,,NIVOLUMAB AND HYALURONIDASE-NVHY,OPDIVO QVANTIG,"E.R. Squibb & Sons, L.L.C.",SUBCUTANEOUS,HUMAN PRESCRIPTION DRUG,False,Academic / medical / govt
NCT04416568,Dana-Farber Cancer Institute,Ipilimumab,PHASE2,ACTIVE_NOT_RECRUITING,Malignant Rhabdoid Tumor; Rhabdoid Tumor of the Kidney; Epithelioid Sarcoma; Chordoma (Poorly Differentiated or De-differentiated); Atypical Teratoid/Rhabdoid Tumor; Other INI1 Negative Tumors (With PI Approval); Other SMARCA4-deficient Malignant Tumors (With PI Approval),2020-08-14,2026-06-01,DANA FARBER CANCER INSTITUTE,ipilimumab,,IPILIMUMAB,YERVOY,"E.R. Squibb & Sons, L.L.C.",INTRAVENOUS,HUMAN PRESCRIPTION DRUG,False,Academic / medical / govt
NCT02185768,Federation Francophone de Cancerologie Digestive,idarubicin,PHASE2,COMPLETED,Liver Cancer,2015-01-01,2017-10-01,FEDERATION FRANCOPHONE DE CANCEROLOGIE DIGESTIVE,idarubicin,,IDARUBICIN HYDROCHLORIDE,Idamycin PFS,Pfizer Laboratories Div Pfizer Inc,INTRAVENOUS,HUMAN PRESCRIPTION DRUG,False,"Other (biotech, private, etc.)"
NCT04796688,"Union Hospital, Tongji Medical College, Huazhong University of Science and Technology",Fludarabine + Cyclophosphamide + CAR-NK-CD19 Cells,PHASE1,UNKNOWN,Acute Lymphoblastic Leukemia; Chronic Lymphoblastic Leukemia; B-cell Lymphoma,2021-03-10,2024-03-10,UNION HOSPITAL TONGJI MEDICAL COLLEGE HUAZHONG UNIVERSITY OF SCIENCE AND TECHNOLOGY,fludarabine cyclophosphamide car-nk-cd19 cells,,,,,,,False,Academic / medical / govt
NCT02649361,"Chia Tai Tianqing Pharmaceutical Group Co., Ltd.",Anlotinib,PHASE2,COMPLETED,Esophageal Squamous Cell Carcinoma,2016-01-01,2018-07-23,CHIA TAI TIANQING PHARMACEUTICAL GROUP,anlotinib,,,,,,,False,"Other (biotech, private, etc.)"
NCT02649361,"Chia Tai Tianqing Pharmaceutical Group Co., Ltd.",Placebo,PHASE2,COMPLETED,Esophageal Squamous Cell Carcinoma,2016-01-01,2018-07-23,CHIA TAI TIANQING PHARMACEUTICAL GROUP,placebo,,,,,,,False,"Other (biotech, private, etc.)"
NCT00833261,University of Texas Southwestern Medical Center,cetuximab,PHASE2,COMPLETED,Head and Neck Cancer,2008-12-01,2016-05-01,UNIVERSITY OF TEXAS SOUTHWESTERN MEDICAL CENTER,cetuximab,,CETUXIMAB,ERBITUX,ImClone LLC,INTRAVENOUS,HUMAN PRESCRIPTION DRUG,False,Academic / medical / govt
NCT00833261,University of Texas Southwestern Medical Center,cisplatin,PHASE2,COMPLETED,Head and Neck Cancer,2008-12-01,2016-05-01,UNIVERSITY OF TEXAS SOUTHWESTERN MEDICAL CENTER,cisplatin,,CISPLATIN,Cisplatin,Sagent Pharmaceuticals,INTRAVENOUS,HUMAN PRESCRIPTION DRUG,False,Academic / medical / govt
NCT00833261,University of Texas Southwestern Medical Center,Nab-Paclitaxel,PHASE2,COMPLETED,Head and Neck Cancer,2008-12-01,2016-05-01,UNIVERSITY OF TEXAS SOUTHWESTERN MEDICAL CENTER,nab-paclitaxel,,,,,,,False,Academic / medical / govt
NCT00019461,National Cancer Institute (NCI),carboxyamidotriazole,PHASE2,COMPLETED,Fallopian Tube Cancer; Ovarian Cancer; Primary Peritoneal Cavity Cancer,1998-04-01,2007-10-01,NATIONAL CANCER INSTITUTE NCI,carboxyamidotriazole,,,,,,,False,Academic / medical / govt
NCT00019461,National Cancer Institute (NCI),chemotherapy,PHASE2,COMPLETED,Fallopian Tube Cancer; Ovarian Cancer; Primary Peritoneal Cavity Cancer,1998-04-01,2007-10-01,NATIONAL CANCER INSTITUTE NCI,chemotherapy,,,,,,,False,Academic / medical / govt
NCT07097142,NRG Oncology,Cisplatin,PHASE3,RECRUITING,Muscle Invasive Bladder Urothelial Carcinoma; Stage II Bladder Cancer AJCC v8; Stage IIIA Bladder Cancer AJCC v8,2025-10-07,2030-05-31,NRG ONCOLOGY,cisplatin,,CISPLATIN,Cisplatin,Sagent Pharmaceuticals,INTRAVENOUS,HUMAN PRESCRIPTION DRUG,False,"Other (biotech, private, etc.)"
NCT07097142,NRG Oncology,Fluorouracil,PHASE3,RECRUITING,Muscle Invasive Bladder Urothelial Carcinoma; Stage II Bladder Cancer AJCC v8; Stage IIIA Bladder Cancer AJCC v8,2025-10-07,2030-05-31,NRG ONCOLOGY,fluorouracil,,FLUOROURACIL,FLUOROURACIL,Mayne Pharma Inc.,TOPICAL,HUMAN PRESCRIPTION DRUG,False,"Other (biotech, private, etc.)"
NCT07097142,NRG Oncology,Gemcitabine,PHASE3,RECRUITING,Muscle Invasive Bladder Urothelial Carcinoma; Stage II Bladder Cancer AJCC v8; Stage IIIA Bladder Cancer AJCC v8,2025-10-07,2030-05-31,NRG ONCOLOGY,gemcitabine,,GEMCITABINE HYDROCHLORIDE,Gemcitabine,Mylan Institutional LLC,INTRAVENOUS,HUMAN PRESCRIPTION DRUG,False,"Other (biotech, private, etc.)"
NCT07097142,NRG Oncology,Mitomycin,PHASE3,RECRUITING,Muscle Invasive Bladder Urothelial Carcinoma; Stage II Bladder Cancer AJCC v8; Stage IIIA Bladder Cancer AJCC v8,2025-10-07,2030-05-31,NRG ONCOLOGY,mitomycin,,MITOMYCIN,Mitomycin,Sagent Pharmaceuticals,INTRAVENOUS,HUMAN PRESCRIPTION DRUG,False,"Other (biotech, private, etc.)"
NCT06810583,St. Jude Children's Research Hospital,Dalbavancin,PHASE1,RECRUITING,Leukemia; Acute Myeloid Leukemia; Lymphoblastic Leukemia in Children,2025-05-22,2031-09-01,ST JUDE CHILDREN S RESEARCH HOSPITAL,dalbavancin,,DALBAVANCIN,Dalbavancin,"Teva Pharmaceuticals, Inc.",INTRAVENOUS,HUMAN PRESCRIPTION DRUG,False,Academic / medical / govt
NCT06810583,St. Jude Children's Research Hospital,Fluoroquinolone (either ciprofloxacin or levofloxacin at the discretion of the treating clinician),PHASE1,RECRUITING,Leukemia; Acute Myeloid Leukemia; Lymphoblastic Leukemia in Children,2025-05-22,2031-09-01,ST JUDE CHILDREN S RESEARCH HOSPITAL,fluoroquinolone either ciprofloxacin or levofloxacin at the discretion of the treating clinician,,,,,,,False,Academic / medical / govt
NCT05085054,"Union Hospital, Tongji Medical College, Huazhong University of Science and Technology",Osimertinib Mesylate,PHASE2,UNKNOWN,Non Small Cell Lung Cancer,2022-06-01,2024-08-01,UNION HOSPITAL TONGJI MEDICAL COLLEGE HUAZHONG UNIVERSITY OF SCIENCE AND TECHNOLOGY,osimertinib,,OSIMERTINIB,TAGRISSO,AstraZeneca Pharmaceuticals LP,ORAL,HUMAN PRESCRIPTION DRUG,False,Academic / medical / govt
NCT02070705,OHSU Knight Cancer Institute,Ferumoxytol,NA,TERMINATED,Familial Pancreatic Cancer; Pancreatic Adenocarcinoma; Pancreatic Intraductal Papillary-Mucinous Neoplasm,2014-01-31,2024-08-07,OHSU KNIGHT CANCER INSTITUTE,ferumoxytol,,FERUMOXYTOL,Feraheme,"AMAG Pharmaceuticals, Inc.",INTRAVENOUS,HUMAN PRESCRIPTION DRUG,False,Academic / medical / govt
NCT04182594,Rabin Medical Center,Degarelix,PHASE2,UNKNOWN,Hormone Sensitive Prostate Cancer; Prostate Cancer; Cardiac Event,2020-01-17,2023-01-17,RABIN MEDICAL CENTER,degarelix,,DEGARELIX,FIRMAGON,Ferring Pharmaceuticals Inc.,,HUMAN PRESCRIPTION DRUG,False,Academic / medical / govt
NCT04182594,Rabin Medical Center,GnRH agonist,PHASE2,UNKNOWN,Hormone Sensitive Prostate Cancer; Prostate Cancer; Cardiac Event,2020-01-17,2023-01-17,RABIN MEDICAL CENTER,gnrh agonist,,,,,,,False,Academic / medical / govt
NCT05898256,Guangxi Medical University,Cadonilimab,PHASE1,NOT_YET_RECRUITING,Nasopharyngeal Carcinoma; Immune Checkpoint Inhibitors,2023-08-01,2026-07-31,GUANGXI MEDICAL UNIVERSITY,cadonilimab,,,,,,,False,Academic / medical / govt
NCT05898256,Guangxi Medical University,Gemcitabine,PHASE1,NOT_YET_RECRUITING,Nasopharyngeal Carcinoma; Immune Checkpoint Inhibitors,2023-08-01,2026-07-31,GUANGXI MEDICAL UNIVERSITY,gemcitabine,,GEMCITABINE HYDROCHLORIDE,Gemcitabine,Mylan Institutional LLC,INTRAVENOUS,HUMAN PRESCRIPTION DRUG,False,Academic / medical / govt
NCT05898256,Guangxi Medical University,Cisplatin,PHASE1,NOT_YET_RECRUITING,Nasopharyngeal Carcinoma; Immune Checkpoint Inhibitors,2023-08-01,2026-07-31,GUANGXI MEDICAL UNIVERSITY,cisplatin,,CISPLATIN,Cisplatin,Sagent Pharmaceuticals,INTRAVENOUS,HUMAN PRESCRIPTION DRUG,False,Academic / medical / govt
NCT07283822,Seda S. Tolu,Ruxolitinib,PHASE2,RECRUITING,Non-Hodgkin Lymphoma; Hodgkin Disease Lymphoma; Non-Hodgkin Lymphoma Refractory/ Relapsed; Hodgkin Disease Recurrent; Gray Zone Lymphoma; Peripheral T-cell Lymphoma; Cutaneous T-Cell Lymphomas; Primary Mediastinal B Cell Lymphoma,2025-12-03,2029-01-01,SEDA S TOLU,ruxolitinib,,RUXOLITINIB,OPZELURA,Incyte Corporation,TOPICAL,HUMAN PRESCRIPTION DRUG,False,"Other (biotech, private, etc.)"
NCT07283822,Seda S. Tolu,Pembrolizumab,PHASE2,RECRUITING,Non-Hodgkin Lymphoma; Hodgkin Disease Lymphoma; Non-Hodgkin Lymphoma Refractory/ Relapsed; Hodgkin Disease Recurrent; Gray Zone Lymphoma; Peripheral T-cell Lymphoma; Cutaneous T-Cell Lymphomas; Primary Mediastinal B Cell Lymphoma,2025-12-03,2029-01-01,SEDA S TOLU,pembrolizumab,,PEMBROLIZUMAB AND BERAHYALURONIDASE ALFA-PMPH,KEYTRUDA QLEX,Merck Sharp & Dohme LLC,SUBCUTANEOUS,HUMAN PRESCRIPTION DRUG,False,"Other (biotech, private, etc.)"
NCT00059722,"Genzyme, a Sanofi Company",ZD6474,PHASE2,COMPLETED,"Carcinoma, Non-Small-Cell Lung",2003-05-01,2007-06-01,GENZYME A SANOFI COMPANY,zd6474,,,,,,,False,"Other (biotech, private, etc.)"
NCT00059722,"Genzyme, a Sanofi Company",Placebo,PHASE2,COMPLETED,"Carcinoma, Non-Small-Cell Lung",2003-05-01,2007-06-01,GENZYME A SANOFI COMPANY,placebo,,,,,,,False,"Other (biotech, private, etc.)"
NCT00059722,"Genzyme, a Sanofi Company",ZD1839,PHASE2,COMPLETED,"Carcinoma, Non-Small-Cell Lung",2003-05-01,2007-06-01,GENZYME A SANOFI COMPANY,zd1839,,,,,,,False,"Other (biotech, private, etc.)"
NCT04029922,"Molecular Templates, Inc.",MT-5111 (experimental study drug),PHASE1,TERMINATED,HER2-positive Solid Cancers,2019-11-12,2023-04-27,MOLECULAR TEMPLATES,mt-5111 experimental study drug,,,,,,,False,"Other (biotech, private, etc.)"
NCT01566656,Nantes University Hospital,total lymphoid irradiation and anti-thymocyte globulin,PHASE2,COMPLETED,Haemato-lymphoid Malignancies or Syndromes in Whom Allogeneic Stem Cell Transplantation is Warranted,2012-03-02,2016-11-29,NANTES UNIVERSITY HOSPITAL,total lymphoid irradiation and anti-thymocyte globulin,,,,,,,False,Academic / medical / govt
NCT05180422,"Criterium, Inc.",AMG 510,PHASE1,WITHDRAWN,Non Small Cell Lung Cancer,2022-06-15,2023-01-31,CRITERIUM,amg 510,,,,,,,False,"Other (biotech, private, etc.)"
NCT05180422,"Criterium, Inc.",MVASI,PHASE1,WITHDRAWN,Non Small Cell Lung Cancer,2022-06-15,2023-01-31,CRITERIUM,mvasi,,BEVACIZUMAB-AWWB,MVASI,"Amgen, Inc",INTRAVENOUS,HUMAN PRESCRIPTION DRUG,False,"Other (biotech, private, etc.)"
NCT00025103,Children's Cancer and Leukaemia Group,carboplatin,PHASE2,UNKNOWN,Kidney Cancer,2001-05-01,,CHILDREN S CANCER AND LEUKAEMIA GROUP,carboplatin,,CARBOPLATIN,CARBOPLATIN,Apotex Corp.,INTRAVENOUS,HUMAN PRESCRIPTION DRUG,False,"Other (biotech, private, etc.)"
NCT00025103,Children's Cancer and Leukaemia Group,cyclophosphamide,PHASE2,UNKNOWN,Kidney Cancer,2001-05-01,,CHILDREN S CANCER AND LEUKAEMIA GROUP,cyclophosphamide,,CYCLOPHOSPHAMIDE,CYCLOPHOSPHAMIDE,"XGen Pharmaceuticals DJB, Inc.",INTRAVENOUS,HUMAN PRESCRIPTION DRUG,False,"Other (biotech, private, etc.)"
NCT00025103,Children's Cancer and Leukaemia Group,doxorubicin hydrochloride,PHASE2,UNKNOWN,Kidney Cancer,2001-05-01,,CHILDREN S CANCER AND LEUKAEMIA GROUP,doxorubicin,,DOXORUBICIN HYDROCHLORIDE,Doxorubicin Hydrochloride,Pfizer Laboratories Div Pfizer Inc,INTRAVENOUS,HUMAN PRESCRIPTION DRUG,False,"Other (biotech, private, etc.)"
NCT00025103,Children's Cancer and Leukaemia Group,etoposide,PHASE2,UNKNOWN,Kidney Cancer,2001-05-01,,CHILDREN S CANCER AND LEUKAEMIA GROUP,etoposide,,ETOPOSIDE,Etoposide,BluePoint Laboratories,INTRAVENOUS,HUMAN PRESCRIPTION DRUG,False,"Other (biotech, private, etc.)"
NCT00025103,Children's Cancer and Leukaemia Group,melphalan,PHASE2,UNKNOWN,Kidney Cancer,2001-05-01,,CHILDREN S CANCER AND LEUKAEMIA GROUP,melphalan,,MELPHALAN HYDROCHLORIDE,Melphalan Hydrochloride,Arthur Group LLC,INTRAVENOUS,HUMAN PRESCRIPTION DRUG,False,"Other (biotech, private, etc.)"
NCT00025103,Children's Cancer and Leukaemia Group,vincristine sulfate,PHASE2,UNKNOWN,Kidney Cancer,2001-05-01,,CHILDREN S CANCER AND LEUKAEMIA GROUP,vincristine,,VINCRISTINE SULFATE,VinCRIStine Sulfate,"Hospira, Inc.",INTRAVENOUS,HUMAN PRESCRIPTION DRUG,False,"Other (biotech, private, etc.)"
NCT02273388,Boehringer Ingelheim,BI 6727,PHASE1,COMPLETED,Neoplasms,2005-11-04,2021-04-06,BOEHRINGER INGELHEIM,bi 6727,,,,,,,False,"Other (biotech, private, etc.)"
NCT01891227,Arbeitsgemeinschaft medikamentoese Tumortherapie,Capecitabine,PHASE2,COMPLETED,Breast Cancer,2013-08-09,2018-03-15,ARBEITSGEMEINSCHAFT MEDIKAMENTOE TUMORTHERAPIE,capecitabine,,CAPECITABINE,capecitabine,Dr. Reddy's Laboratories Limited,ORAL,HUMAN PRESCRIPTION DRUG,False,"Other (biotech, private, etc.)"
NCT01891227,Arbeitsgemeinschaft medikamentoese Tumortherapie,Bendamustine,PHASE2,COMPLETED,Breast Cancer,2013-08-09,2018-03-15,ARBEITSGEMEINSCHAFT MEDIKAMENTOE TUMORTHERAPIE,bendamustine,,BENDAMUSTINE HYDROCHLORIDE,Bendamustine Hydrochloride,Apotex Corp,INTRAVENOUS,HUMAN PRESCRIPTION DRUG,False,"Other (biotech, private, etc.)"
NCT07156227,National Cancer Institute (NCI),Camonsertib,PHASE1,NOT_YET_RECRUITING,Clinical Stage III HPV-Mediated (p16-Positive) Oropharyngeal Carcinoma AJCC v8; Recurrent Head and Neck Squamous Cell Carcinoma; Recurrent Hypopharyngeal Squamous Cell Carcinoma; Recurrent Laryngeal Squamous Cell Carcinoma; Recurrent Oral Cavity Squamous Cell Carcinoma; Recurrent Oropharyngeal Squamous Cell Carcinoma; Recurrent Paranasal Sinus Squamous Cell Carcinoma; Stage III Head and Neck Cutaneous Squamous Cell Carcinoma AJCC v8; Stage III Hypopharyngeal Carcinoma AJCC v8; Stage III Laryngeal Cancer AJCC v8; Stage III Lip and Oral Cavity Cancer AJCC v8; Stage III Oropharyngeal (p16-Negative) Carcinoma AJCC v8; Stage III Sinonasal Cancer AJCC v8; Stage IV Head and Neck Cutaneous Squamous Cell Carcinoma AJCC v8; Stage IVA Hypopharyngeal Carcinoma AJCC v8; Stage IVA Laryngeal Cancer AJCC v8; Stage IVA Lip and Oral Cavity Cancer AJCC v8; Stage IVA Oropharyngeal (p16-Negative) Carcinoma AJCC v8; Stage IVA Sinonasal Cancer AJCC v8; Stage IVB Hypopharyngeal Carcinoma AJCC v8; Stage IVB Laryngeal Cancer AJCC v8; Stage IVB Lip and Oral Cavity Cancer AJCC v8; Stage IVB Oropharyngeal (p16-Negative) Carcinoma AJCC v8; Stage IVB Sinonasal Cancer AJCC v8; Unresectable Head and Neck Squamous Cell Carcinoma; Unresectable Hypopharyngeal Squamous Cell Carcinoma; Unresectable Laryngeal Squamous Cell Carcinoma; Unresectable Oral Cavity Squamous Cell Carcinoma; Unresectable Oropharyngeal Squamous Cell Carcinoma; Unresectable Paranasal Sinus Squamous Cell Carcinoma,2026-06-22,2029-05-31,NATIONAL CANCER INSTITUTE NCI,camonsertib,,,,,,,False,Academic / medical / govt
NCT00316186,GlaxoSmithKline,topotecan,PHASE2,COMPLETED,"Lung Cancer, Small Cell",2005-06-01,2009-05-01,GLAXOSMITHKLINE,topotecan,GSK,TOPOTECAN,Topotecan,"Hospira, Inc.",INTRAVENOUS,HUMAN PRESCRIPTION DRUG,True,Public pharma
NCT00316186,GlaxoSmithKline,carboplatin,PHASE2,COMPLETED,"Lung Cancer, Small Cell",2005-06-01,2009-05-01,GLAXOSMITHKLINE,carboplatin,GSK,CARBOPLATIN,CARBOPLATIN,Apotex Corp.,INTRAVENOUS,HUMAN PRESCRIPTION DRUG,True,Public pharma
NCT07082686,"Beijing InnoCare Pharma Tech Co., Ltd.",ICP-248,PHASE2,RECRUITING,Relapsed or Refractory Mantle Cell Lymphoma (MCL),2025-08-21,2028-07-01,BEIJING INNOCARE PHARMA TECH,icp-248,,,,,,,False,"Other (biotech, private, etc.)"
NCT00721669,"ImmunoGen, Inc.",IMGN388,PHASE1,COMPLETED,Solid Tumor,2008-06-01,2012-12-01,IMMUNOGEN,imgn388,,,,,,,False,"Other (biotech, private, etc.)"
NCT02124369,CCTU- Cancer Theme,Abraxane,PHASE2,TERMINATED,Pancreatic Adenocarcinoma,2014-07-01,2017-12-01,CCTU CANCER THEME,abraxane,,PACLITAXEL,ABRAXANE,"Abraxis BioScience, LLC",INTRAVENOUS,HUMAN PRESCRIPTION DRUG,False,"Other (biotech, private, etc.)"
NCT02124369,CCTU- Cancer Theme,Gemcitabine,PHASE2,TERMINATED,Pancreatic Adenocarcinoma,2014-07-01,2017-12-01,CCTU CANCER THEME,gemcitabine,,GEMCITABINE HYDROCHLORIDE,Gemcitabine,Mylan Institutional LLC,INTRAVENOUS,HUMAN PRESCRIPTION DRUG,False,"Other (biotech, private, etc.)"
NCT05185869,Ruijin Hospital,SHR6390,PHASE2,UNKNOWN,Pancreatic Cancer,2022-01-01,2025-10-01,RUIJIN HOSPITAL,shr6390,,,,,,,False,Academic / medical / govt
NCT05185869,Ruijin Hospital,Nab-paclitaxel,PHASE2,UNKNOWN,Pancreatic Cancer,2022-01-01,2025-10-01,RUIJIN HOSPITAL,nab-paclitaxel,,,,,,,False,Academic / medical / govt
NCT05185869,Ruijin Hospital,Gemcitabine,PHASE2,UNKNOWN,Pancreatic Cancer,2022-01-01,2025-10-01,RUIJIN HOSPITAL,gemcitabine,,GEMCITABINE HYDROCHLORIDE,Gemcitabine,Mylan Institutional LLC,INTRAVENOUS,HUMAN PRESCRIPTION DRUG,False,Academic / medical / govt
NCT04613869,"Second Affiliated Hospital, School of Medicine, Zhejiang University",High-dose Esketamine hydrochloride+Hydromorphone,NA,UNKNOWN,Tumor Surgery,2020-08-15,2021-10-15,SECOND AFFILIATED HOSPITAL SCHOOL OF MEDICINE ZHEJIANG UNIVERSITY,high-dose esketamine hydromorphone,,,,,,,False,Academic / medical / govt
NCT04613869,"Second Affiliated Hospital, School of Medicine, Zhejiang University",Low-dose Esketamine hydrochloride+Hydromorphone,NA,UNKNOWN,Tumor Surgery,2020-08-15,2021-10-15,SECOND AFFILIATED HOSPITAL SCHOOL OF MEDICINE ZHEJIANG UNIVERSITY,low-dose esketamine hydromorphone,,,,,,,False,Academic / medical / govt
NCT04613869,"Second Affiliated Hospital, School of Medicine, Zhejiang University",Hydromorphone,NA,UNKNOWN,Tumor Surgery,2020-08-15,2021-10-15,SECOND AFFILIATED HOSPITAL SCHOOL OF MEDICINE ZHEJIANG UNIVERSITY,hydromorphone,,HYDROMORPHONE HYDROCHLORIDE,Hydromorphone Hydrochloride,ASCLEMED USA INC.,ORAL,HUMAN PRESCRIPTION DRUG,False,Academic / medical / govt
NCT03859869,AbbVie,Pancrelipase,PHASE4,TERMINATED,Exocrine Pancreatic Insufficiency (EPI),2020-02-25,2022-03-23,ABBVIE,pancrelipase,ABBV,PANCRELIPASE,Creon,AbbVie Inc.,ORAL,HUMAN PRESCRIPTION DRUG,True,Public pharma
NCT03859869,AbbVie,Placebo,PHASE4,TERMINATED,Exocrine Pancreatic Insufficiency (EPI),2020-02-25,2022-03-23,ABBVIE,placebo,ABBV,,,,,,True,Public pharma
NCT05797883,"China Medical University, China",FOLFOX/FOLFIRI,PHASE2,UNKNOWN,Unresectable or Metastatic Colorectal Cancer,2022-08-01,2024-12-01,CHINA MEDICAL UNIVERSITY CHINA,folfox folfiri,,,,,,,False,Academic / medical / govt
NCT05588141,National Cancer Institute (NCI),Zotiraciclib,PHASE1,RECRUITING,Brain Tumor; Cancer,2023-05-16,2032-08-02,NATIONAL CANCER INSTITUTE NCI,zotiraciclib,,,,,,,False,Academic / medical / govt
NCT00109005,National Cancer Institute (NCI),Revlimid,PHASE2,COMPLETED,Melanoma,2005-04-01,2009-04-01,NATIONAL CANCER INSTITUTE NCI,revlimid,,LENALIDOMIDE,Revlimid,Celgene Corporation,ORAL,HUMAN PRESCRIPTION DRUG,False,Academic / medical / govt
NCT02280694,"HaEmek Medical Center, Israel",Capecitabine,PHASE2,COMPLETED,Colorectal Cancer,2015-01-01,2019-12-01,HAEMEK MEDICAL CENTER ISRAEL,capecitabine,,CAPECITABINE,capecitabine,Dr. Reddy's Laboratories Limited,ORAL,HUMAN PRESCRIPTION DRUG,False,Academic / medical / govt
NCT02280694,"HaEmek Medical Center, Israel",Cyclophosphamide,PHASE2,COMPLETED,Colorectal Cancer,2015-01-01,2019-12-01,HAEMEK MEDICAL CENTER ISRAEL,cyclophosphamide,,CYCLOPHOSPHAMIDE,CYCLOPHOSPHAMIDE,"XGen Pharmaceuticals DJB, Inc.",INTRAVENOUS,HUMAN PRESCRIPTION DRUG,False,Academic / medical / govt
NCT02280694,"HaEmek Medical Center, Israel",Methotrexate,PHASE2,COMPLETED,Colorectal Cancer,2015-01-01,2019-12-01,HAEMEK MEDICAL CENTER ISRAEL,methotrexate,,METHOTREXATE,METHOTREXATE,Alembic Pharmaceuticals Inc.,ORAL,HUMAN PRESCRIPTION DRUG,False,Academic / medical / govt
NCT02280694,"HaEmek Medical Center, Israel",Celecoxib,PHASE2,COMPLETED,Colorectal Cancer,2015-01-01,2019-12-01,HAEMEK MEDICAL CENTER ISRAEL,celecoxib,,CELECOXIB,CELECOXIB,A-S Medication Solutions,ORAL,HUMAN PRESCRIPTION DRUG,False,Academic / medical / govt
NCT02048722,Northwestern University,regorafenib,PHASE2,COMPLETED,Adult Angiosarcoma; Recurrent Adult Soft Tissue Sarcoma; Stage III Adult Soft Tissue Sarcoma; Stage IV Adult Soft Tissue Sarcoma,2014-06-13,2021-10-12,NORTHWESTERN UNIVERSITY,regorafenib,,REGORAFENIB,Stivarga,Bayer HealthCare Pharmaceuticals Inc.,ORAL,HUMAN PRESCRIPTION DRUG,False,Academic / medical / govt
NCT05986851,Cantex Pharmaceuticals,Azeliragon,PHASE2,ACTIVE_NOT_RECRUITING,Glioblastoma,2023-09-12,2026-12-30,CANTEX PHARMACEUTICALS,azeliragon,,,,,,,False,"Other (biotech, private, etc.)"
NCT04849351,Hutchison Medipharma Limited,HMPL-689,PHASE2,COMPLETED,Marginal Zone Lymphoma; Follicular Lymphoma,2021-04-15,2024-02-29,HUTCHISON MEDIPHARMA,hmpl-689,,,,,,,False,"Other (biotech, private, etc.)"
NCT00045188,National Cancer Institute (NCI),imatinib mesylate,PHASE2,COMPLETED,Male Breast Cancer; Recurrent Breast Cancer; Stage IV Breast Cancer,2002-08-01,,NATIONAL CANCER INSTITUTE NCI,imatinib,,IMATINIB MESYLATE,Imatinib Mesylate,Apotex Corp,ORAL,HUMAN PRESCRIPTION DRUG,False,Academic / medical / govt
NCT03940703,"EMD Serono Research & Development Institute, Inc.",Tepotinib,PHASE2,ACTIVE_NOT_RECRUITING,Non-small Cell Lung Cancer,2019-09-19,2026-05-01,EMD SERONO RESEARCH DEVELOPMENT INSTITUTE,tepotinib,,TEPOTINIB HYDROCHLORIDE,TEPMETKO,"EMD Serono, Inc.",ORAL,HUMAN PRESCRIPTION DRUG,False,Academic / medical / govt
NCT03940703,"EMD Serono Research & Development Institute, Inc.",Osimertinib,PHASE2,ACTIVE_NOT_RECRUITING,Non-small Cell Lung Cancer,2019-09-19,2026-05-01,EMD SERONO RESEARCH DEVELOPMENT INSTITUTE,osimertinib,,OSIMERTINIB,TAGRISSO,AstraZeneca Pharmaceuticals LP,ORAL,HUMAN PRESCRIPTION DRUG,False,Academic / medical / govt
NCT06413342,Zhejiang Cancer Hospital,Sintilimab,PHASE2,RECRUITING,Esophageal Cancer; Chemoradiotherapy; Sintilimab; Immunotherapy; Elderly Patients,2024-06-01,2028-06-01,ZHEJIANG CANCER HOSPITAL,sintilimab,,,,,,,False,Academic / medical / govt
NCT05807542,Shanghai Zhongshan Hospital,Tislelizumab,PHASE2,COMPLETED,Esophagus Cancer,2022-03-01,2024-04-30,SHANGHAI ZHONGSHAN HOSPITAL,tislelizumab,,TISLELIZUMAB-JSGR,TEVIMBRA,"BeOne Medicines USA, Inc.",INTRAVENOUS,HUMAN PRESCRIPTION DRUG,False,Academic / medical / govt
NCT05807542,Shanghai Zhongshan Hospital,Paclitaxel-albumin,PHASE2,COMPLETED,Esophagus Cancer,2022-03-01,2024-04-30,SHANGHAI ZHONGSHAN HOSPITAL,paclitaxel-albumin,,,,,,,False,Academic / medical / govt
NCT05807542,Shanghai Zhongshan Hospital,Carboplatin,PHASE2,COMPLETED,Esophagus Cancer,2022-03-01,2024-04-30,SHANGHAI ZHONGSHAN HOSPITAL,carboplatin,,CARBOPLATIN,CARBOPLATIN,Apotex Corp.,INTRAVENOUS,HUMAN PRESCRIPTION DRUG,False,Academic / medical / govt
NCT00026286,Eastern Cooperative Oncology Group,conjugated estrogens,PHASE3,COMPLETED,Breast Cancer; Hot Flashes; Menopausal Symptoms,2000-11-28,2007-06-15,EASTERN COOPERATIVE ONCOLOGY GROUP,conjugated estrogens,,CONJUGATED ESTROGENS,Premarin,"Wyeth Pharmaceuticals LLC, a subsidiary of Pfizer Inc.",INTRAMUSCULAR,HUMAN PRESCRIPTION DRUG,False,"Other (biotech, private, etc.)"
NCT00026286,Eastern Cooperative Oncology Group,medroxyprogesterone,PHASE3,COMPLETED,Breast Cancer; Hot Flashes; Menopausal Symptoms,2000-11-28,2007-06-15,EASTERN COOPERATIVE ONCOLOGY GROUP,medroxyprogesterone,,MEDROXYPROGESTERONE ACETATE,MEDROXYPROGESTERONE ACETATE,"Sun Pharmaceutical Industries, Inc.",INTRAMUSCULAR,HUMAN PRESCRIPTION DRUG,False,"Other (biotech, private, etc.)"
NCT05392686,Tianjin Medical University Cancer Institute and Hospital,PD-1 inhibitor,PHASE2,UNKNOWN,Lung Cancer,2022-06-20,2025-04-01,TIANJIN MEDICAL UNIVERSITY CANCER INSTITUTE AND HOSPITAL,pd-1 inhibitor,,,,,,,False,Academic / medical / govt
NCT05392686,Tianjin Medical University Cancer Institute and Hospital,PARP inhibitor,PHASE2,UNKNOWN,Lung Cancer,2022-06-20,2025-04-01,TIANJIN MEDICAL UNIVERSITY CANCER INSTITUTE AND HOSPITAL,parp inhibitor,,,,,,,False,Academic / medical / govt
NCT00437086,Mayo Clinic,PS-341,EARLY_PHASE1,COMPLETED,Chronic Myeloproliferative Disorders; Leukemia,2005-09-01,2008-11-01,MAYO CLINIC,ps-341,,,,,,,False,Academic / medical / govt
NCT03083470,"DFB Soria, LLC",SOR007 (Uncoated Nanoparticulate Paclitaxel) Ointment,PHASE2,COMPLETED,Actinic Keratosis,2017-05-18,2018-03-12,DFB SORIA,sor007 uncoated nanoparticulate paclitaxel ointment,,,,,,,False,"Other (biotech, private, etc.)"
NCT00825669,Eastern Hepatobiliary Surgery Hospital,TACE,NA,COMPLETED,Hepatocellular Carcinoma,2008-12-01,2010-12-01,EASTERN HEPATOBILIARY SURGERY HOSPITAL,tace,,,,,,,False,Academic / medical / govt
NCT00098254,National Cancer Institute (NCI),BAY 43-9006 (Sorafenib),PHASE2,COMPLETED,Non-Small-Cell Lung Carcinoma,2004-12-01,2011-01-01,NATIONAL CANCER INSTITUTE NCI,bay 43-9006 sorafenib,,,,,,,False,Academic / medical / govt
NCT01224405,"University of Turin, Italy",Docetaxel + LH-RH analogues,PHASE3,UNKNOWN,Advanced Prostate Cancer,2010-04-01,2016-04-01,UNIVERSITY OF TURIN ITALY,docetaxel lh-rh analogues,,,,,,,False,Academic / medical / govt
NCT01224405,"University of Turin, Italy",Docetaxel,PHASE3,UNKNOWN,Advanced Prostate Cancer,2010-04-01,2016-04-01,UNIVERSITY OF TURIN ITALY,docetaxel,,DOCETAXEL ANHYDROUS,Docetaxel,"Hospira, Inc.",INTRAVENOUS,HUMAN PRESCRIPTION DRUG,False,Academic / medical / govt
NCT01224405,"University of Turin, Italy",Continuous Docetaxel,PHASE3,UNKNOWN,Advanced Prostate Cancer,2010-04-01,2016-04-01,UNIVERSITY OF TURIN ITALY,continuous docetaxel,,,,,,,False,Academic / medical / govt
NCT06378866,Mayo Clinic,Abiraterone,PHASE2,RECRUITING,Recurrent Castration-Sensitive Prostate Carcinoma; Recurrent Prostate Cancer; Castration-resistant Prostate Cancer; Biochemically Recurrent Prostate Carcinoma,2024-06-03,2029-05-31,MAYO CLINIC,abiraterone,,ABIRATERONE ACETATE,Abiraterone Acetate,Dr. Reddys Laboratories Inc,ORAL,HUMAN PRESCRIPTION DRUG,False,Academic / medical / govt
NCT06378866,Mayo Clinic,Apalutamide,PHASE2,RECRUITING,Recurrent Castration-Sensitive Prostate Carcinoma; Recurrent Prostate Cancer; Castration-resistant Prostate Cancer; Biochemically Recurrent Prostate Carcinoma,2024-06-03,2029-05-31,MAYO CLINIC,apalutamide,,APALUTAMIDE,ERLEADA,"Janssen Products, LP",ORAL,HUMAN PRESCRIPTION DRUG,False,Academic / medical / govt
NCT06378866,Mayo Clinic,Darolutamide,PHASE2,RECRUITING,Recurrent Castration-Sensitive Prostate Carcinoma; Recurrent Prostate Cancer; Castration-resistant Prostate Cancer; Biochemically Recurrent Prostate Carcinoma,2024-06-03,2029-05-31,MAYO CLINIC,darolutamide,,DAROLUTAMIDE,NUBEQA,Bayer HealthCare Pharmaceuticals Inc.,ORAL,HUMAN PRESCRIPTION DRUG,False,Academic / medical / govt
NCT06378866,Mayo Clinic,Degarelix,PHASE2,RECRUITING,Recurrent Castration-Sensitive Prostate Carcinoma; Recurrent Prostate Cancer; Castration-resistant Prostate Cancer; Biochemically Recurrent Prostate Carcinoma,2024-06-03,2029-05-31,MAYO CLINIC,degarelix,,DEGARELIX,FIRMAGON,Ferring Pharmaceuticals Inc.,,HUMAN PRESCRIPTION DRUG,False,Academic / medical / govt
NCT06378866,Mayo Clinic,Enzalutamide,PHASE2,RECRUITING,Recurrent Castration-Sensitive Prostate Carcinoma; Recurrent Prostate Cancer; Castration-resistant Prostate Cancer; Biochemically Recurrent Prostate Carcinoma,2024-06-03,2029-05-31,MAYO CLINIC,enzalutamide,,ENZALUTAMIDE,Xtandi,"Astellas Pharma US, Inc.",ORAL,HUMAN PRESCRIPTION DRUG,False,Academic / medical / govt
NCT06378866,Mayo Clinic,Goserelin,PHASE2,RECRUITING,Recurrent Castration-Sensitive Prostate Carcinoma; Recurrent Prostate Cancer; Castration-resistant Prostate Cancer; Biochemically Recurrent Prostate Carcinoma,2024-06-03,2029-05-31,MAYO CLINIC,goserelin,,GOSERELIN,ZOLADEX,TerSera Therapeutics LLC,SUBCUTANEOUS,HUMAN PRESCRIPTION DRUG,False,Academic / medical / govt
NCT06378866,Mayo Clinic,Histrelin,PHASE2,RECRUITING,Recurrent Castration-Sensitive Prostate Carcinoma; Recurrent Prostate Cancer; Castration-resistant Prostate Cancer; Biochemically Recurrent Prostate Carcinoma,2024-06-03,2029-05-31,MAYO CLINIC,histrelin,,HISTRELIN ACETATE,SUPPRELIN LA,"Endo USA, Inc.",SUBCUTANEOUS,HUMAN PRESCRIPTION DRUG,False,Academic / medical / govt
NCT06378866,Mayo Clinic,Leuprolide,PHASE2,RECRUITING,Recurrent Castration-Sensitive Prostate Carcinoma; Recurrent Prostate Cancer; Castration-resistant Prostate Cancer; Biochemically Recurrent Prostate Carcinoma,2024-06-03,2029-05-31,MAYO CLINIC,leuprolide,,LEUPROLIDE ACETATE,Vabrinty,"URONOVA PHARMACEUTICALS, INC.",SUBCUTANEOUS,HUMAN PRESCRIPTION DRUG,False,Academic / medical / govt
NCT06378866,Mayo Clinic,Prednisone,PHASE2,RECRUITING,Recurrent Castration-Sensitive Prostate Carcinoma; Recurrent Prostate Cancer; Castration-resistant Prostate Cancer; Biochemically Recurrent Prostate Carcinoma,2024-06-03,2029-05-31,MAYO CLINIC,prednisone,,PREDNISONE,PredniSONE,A-S Medication Solutions,ORAL,HUMAN PRESCRIPTION DRUG,False,Academic / medical / govt
NCT06378866,Mayo Clinic,Relugolix,PHASE2,RECRUITING,Recurrent Castration-Sensitive Prostate Carcinoma; Recurrent Prostate Cancer; Castration-resistant Prostate Cancer; Biochemically Recurrent Prostate Carcinoma,2024-06-03,2029-05-31,MAYO CLINIC,relugolix,,RELUGOLIX,Orgovyx,"Sumitomo Pharma America, Inc.",ORAL,HUMAN PRESCRIPTION DRUG,False,Academic / medical / govt
NCT06378866,Mayo Clinic,Triptorelin,PHASE2,RECRUITING,Recurrent Castration-Sensitive Prostate Carcinoma; Recurrent Prostate Cancer; Castration-resistant Prostate Cancer; Biochemically Recurrent Prostate Carcinoma,2024-06-03,2029-05-31,MAYO CLINIC,triptorelin,,TRIPTORELIN PAMOATE,Trelstar,Verity Pharmaceuticals Inc.,,HUMAN PRESCRIPTION DRUG,False,Academic / medical / govt
NCT04951622,"Janssen Research & Development, LLC",Nipocalimab,PHASE3,RECRUITING,Myasthenia Gravis,2021-07-15,2029-03-30,JANSSEN RESEARCH DEVELOPMENT,nipocalimab,JNJ,NIPOCALIMAB,IMAAVY,"Janssen Biotech, Inc.",INTRAVENOUS,HUMAN PRESCRIPTION DRUG,True,Public pharma
NCT04951622,"Janssen Research & Development, LLC",Placebo,PHASE3,RECRUITING,Myasthenia Gravis,2021-07-15,2029-03-30,JANSSEN RESEARCH DEVELOPMENT,placebo,JNJ,,,,,,True,Public pharma
NCT04951622,"Janssen Research & Development, LLC",Nipocalimab SC-LIV,PHASE3,RECRUITING,Myasthenia Gravis,2021-07-15,2029-03-30,JANSSEN RESEARCH DEVELOPMENT,nipocalimab sc-liv,JNJ,,,,,,True,Public pharma
NCT00878722,Valerio Therapeutics,PXD101,PHASE1,COMPLETED,Acute Myeloid Leukemia,2007-08-01,2012-04-01,VALERIO THERAPEUTICS,pxd101,,,,,,,False,"Other (biotech, private, etc.)"
NCT00878722,Valerio Therapeutics,idarubicin,PHASE1,COMPLETED,Acute Myeloid Leukemia,2007-08-01,2012-04-01,VALERIO THERAPEUTICS,idarubicin,,IDARUBICIN HYDROCHLORIDE,Idamycin PFS,Pfizer Laboratories Div Pfizer Inc,INTRAVENOUS,HUMAN PRESCRIPTION DRUG,False,"Other (biotech, private, etc.)"
NCT01028222,Novartis Pharmaceuticals,Nilotinib,PHASE2,COMPLETED,Melanoma,2010-06-01,2014-12-01,NOVARTIS PHARMACEUTICALS,nilotinib,NVS,NILOTINIB,nilotinib,Novadoz Pharmaceuticals LLC,ORAL,HUMAN PRESCRIPTION DRUG,True,Public pharma
NCT01028222,Novartis Pharmaceuticals,DTIC,PHASE2,COMPLETED,Melanoma,2010-06-01,2014-12-01,NOVARTIS PHARMACEUTICALS,dtic,NVS,,,,,,True,Public pharma
NCT00706966,"University of California, San Francisco",dutasteride,NA,COMPLETED,Nonmalignant Neoplasm; Prostate Cancer,2005-06-01,2011-08-01,UNIVERSITY OF CALIFORNIA SAN FRANCIS,dutasteride,,DUTASTERIDE AND TAMSULOSIN HYDROCHLORIDE CAPSULES,Dutasteride and Tamsulosin Hydrochloride,AvKARE,ORAL,HUMAN PRESCRIPTION DRUG,False,Academic / medical / govt
NCT03448146,PTS International Inc.,Para-Toluenesulfonamide,PHASE3,COMPLETED,Nsclc,2009-08-01,2011-12-01,PTS INTERNATIONAL,para-toluenesulfonamide,,,,,,,False,"Other (biotech, private, etc.)"
NCT07128303,Gilead Sciences,GS-5319,PHASE1,RECRUITING,Advanced Solid Tumor,2025-08-28,2028-05-01,GILEAD SCIENCES,gs-5319,GILD,,,,,,True,Public pharma
NCT01108003,Roswell Park Cancer Institute,broccoli sprout extract,NA,TERMINATED,Recurrent Bladder Cancer; Stage 0 Bladder Cancer; Stage I Bladder Cancer; Stage II Bladder Cancer; Transitional Cell Carcinoma of the Bladder,2010-04-01,2015-10-01,ROSWELL PARK CANCER INSTITUTE,broccoli sprout extract,,,,,,,False,Academic / medical / govt
NCT04552327,Infectopharm Arzneimittel GmbH,Solaraze,PHASE3,COMPLETED,Actinic Keratosis,2020-10-14,2023-01-24,INFECTOPHARM ARZNEIMITTEL,solaraze,,,,,,,False,"Other (biotech, private, etc.)"
NCT07023627,Incyte Corporation,INCB123667,PHASE2,RECRUITING,Ovarian Cancer,2025-11-12,2027-10-24,INCYTE,incb123667,INCY,,,,,,True,Public pharma
NCT03149003,"Sumitomo Pharma America, Inc.",DSP-7888 Dosing Emulsion,PHASE3,COMPLETED,Glioblastoma,2017-12-08,2021-08-30,SUMITOMO PHARMA AMERICA,dsp-7888 dosing emulsion,,,,,,,False,"Other (biotech, private, etc.)"
NCT03149003,"Sumitomo Pharma America, Inc.",Bevacizumab,PHASE3,COMPLETED,Glioblastoma,2017-12-08,2021-08-30,SUMITOMO PHARMA AMERICA,bevacizumab,,BEVACIZUMAB-AWWB,MVASI,"Amgen, Inc",INTRAVENOUS,HUMAN PRESCRIPTION DRUG,False,"Other (biotech, private, etc.)"
NCT00050427,"Johnson & Johnson Pharmaceutical Research & Development, L.L.C.",ET743,PHASE2,COMPLETED,Breast Neoplasms; Neoplasms; Neoplasms by Site; Breast Diseases; Skin Diseases,2002-12-01,2006-12-01,JOHNSON JOHNSON PHARMACEUTICAL RESEARCH DEVELOPMENT L L C,et743,,,,,,,False,"Other (biotech, private, etc.)"
NCT00543127,Spanish Breast Cancer Research Group,Fulvestrant,PHASE3,TERMINATED,Breast Cancer,2007-11-01,2016-07-01,SPANISH BREAST CANCER RESEARCH GROUP,fulvestrant,,FULVESTRANT,Fulvestrant,Meitheal Pharmaceuticals Inc,INTRAMUSCULAR,HUMAN PRESCRIPTION DRUG,False,Academic / medical / govt
NCT00543127,Spanish Breast Cancer Research Group,Anastrozole,PHASE3,TERMINATED,Breast Cancer,2007-11-01,2016-07-01,SPANISH BREAST CANCER RESEARCH GROUP,anastrozole,,ANASTROZOLE,Anastrozole,Accord Healthcare Inc.,ORAL,HUMAN PRESCRIPTION DRUG,False,Academic / medical / govt
NCT00082927,Cancer Research UK,ibandronate sodium,PHASE3,COMPLETED,Metastatic Cancer; Pain; Prostate Cancer,2003-04-01,2011-07-01,CANCER RESEARCH UK,ibandronate,,IBANDRONATE SODIUM,IBANDRONATE SODIUM,"Golden State Medical Supply, Inc.",ORAL,HUMAN PRESCRIPTION DRUG,False,Academic / medical / govt
NCT00612703,"ArQule, Inc., a subsidiary of Merck Sharp & Dohme LLC, a subsidiary of Merck & Co., Inc. (Rahway, NJ USA)",ARQ 197,PHASE1,COMPLETED,Cancer,2008-02-01,,ARQULE A SUBSIDIARY OF MERCK SHARP DOHME A SUBSIDIARY OF MERCK RAHWAY NJ USA,arq 197,,,,,,,False,"Other (biotech, private, etc.)"
NCT01812603,Jazz Pharmaceuticals,Sativex,PHASE1,COMPLETED,Cancer,2013-09-01,2016-06-01,JAZZ PHARMACEUTICALS,sativex,,,,,,,False,"Other (biotech, private, etc.)"
NCT01069627,Hoffmann-La Roche,bevacizumab [Avastin],PHASE2,COMPLETED,Malignant Melanoma,2006-12-01,2009-07-01,HOFFMANN LA ROCHE,bevacizumab avastin,RHHBY,,,,,,True,Public pharma
NCT01069627,Hoffmann-La Roche,fotemustine,PHASE2,COMPLETED,Malignant Melanoma,2006-12-01,2009-07-01,HOFFMANN LA ROCHE,fotemustine,RHHBY,,,,,,True,Public pharma
NCT03483142,ahmed nagy shaker ramadan,Misoprostol,PHASE3,UNKNOWN,Myoma;Uterus; Blood Loss,2017-11-01,2018-07-30,AHMED NAGY SHAKER RAMADAN,misoprostol,,DICLOFENAC SODIUM/MISOPROSTOL,Diclofenac Sodium/Misoprostol DICLOFENAC-SODIUM-MISOPROSTOL,Sportpharm LLC,ORAL,HUMAN PRESCRIPTION DRUG,False,"Other (biotech, private, etc.)"
NCT03483142,ahmed nagy shaker ramadan,Placebos,PHASE3,UNKNOWN,Myoma;Uterus; Blood Loss,2017-11-01,2018-07-30,AHMED NAGY SHAKER RAMADAN,placebos,,,,,,,False,"Other (biotech, private, etc.)"
NCT03152786,Wake Forest University Health Sciences,Propranolol Hydrochloride,PHASE2,TERMINATED,Prostate Carcinoma,2019-01-15,2023-02-28,WAKE FOREST UNIVERSITY HEALTH SCIENCES,propranolol,,PROPRANOLOL HYDROCHLORIDE,Propranolol Hydrochloride,"NCS HealthCare of KY, LLC dba Vangard Labs",ORAL,HUMAN PRESCRIPTION DRUG,False,Academic / medical / govt
NCT06472583,Maria Sklodowska-Curie National Research Institute of Oncology,Keytruda,PHASE2,RECRUITING,Breast Cancer,2024-04-11,2028-02-28,MARIA SKLODOWSKA CURIE NATIONAL RESEARCH INSTITUTE OF ONCOLOGY,keytruda,,PEMBROLIZUMAB AND BERAHYALURONIDASE ALFA-PMPH,KEYTRUDA QLEX,Merck Sharp & Dohme LLC,SUBCUTANEOUS,HUMAN PRESCRIPTION DRUG,False,Academic / medical / govt
NCT06472583,Maria Sklodowska-Curie National Research Institute of Oncology,Placebo,PHASE2,RECRUITING,Breast Cancer,2024-04-11,2028-02-28,MARIA SKLODOWSKA CURIE NATIONAL RESEARCH INSTITUTE OF ONCOLOGY,placebo,,,,,,,False,Academic / medical / govt
NCT06212583,"University of Maryland, Baltimore",niraparib/abiraterone acetate,PHASE2,RECRUITING,Prostate Cancer; Oligometastatic Disease,2024-04-17,2029-12-31,UNIVERSITY OF MARYLAND BALTIMORE,niraparib abiraterone,,,,,,,False,Academic / medical / govt
NCT06212583,"University of Maryland, Baltimore",Androgen deprivation therapy (ADT),PHASE2,RECRUITING,Prostate Cancer; Oligometastatic Disease,2024-04-17,2029-12-31,UNIVERSITY OF MARYLAND BALTIMORE,androgen deprivation therapy adt,,,,,,,False,Academic / medical / govt
NCT00002641,European Organisation for Research and Treatment of Cancer - EORTC,doxorubicin hydrochloride,PHASE3,COMPLETED,Endometrial Cancer; Kidney Cancer; Ovarian Cancer; Pheochromocytoma; Sarcoma,1995-02-01,2012-06-01,EUROPEAN ORGANISATION FOR RESEARCH AND TREATMENT OF CANCER EORTC,doxorubicin,,DOXORUBICIN HYDROCHLORIDE,Doxorubicin Hydrochloride,Pfizer Laboratories Div Pfizer Inc,INTRAVENOUS,HUMAN PRESCRIPTION DRUG,False,"Other (biotech, private, etc.)"
NCT00002641,European Organisation for Research and Treatment of Cancer - EORTC,ifosfamide,PHASE3,COMPLETED,Endometrial Cancer; Kidney Cancer; Ovarian Cancer; Pheochromocytoma; Sarcoma,1995-02-01,2012-06-01,EUROPEAN ORGANISATION FOR RESEARCH AND TREATMENT OF CANCER EORTC,ifosfamide,,IFOSFAMIDE,IFOSFAMIDE,Baxter Healthcare Corporation,INTRAVENOUS,HUMAN PRESCRIPTION DRUG,False,"Other (biotech, private, etc.)"
NCT00002641,European Organisation for Research and Treatment of Cancer - EORTC,isolated perfusion,PHASE3,COMPLETED,Endometrial Cancer; Kidney Cancer; Ovarian Cancer; Pheochromocytoma; Sarcoma,1995-02-01,2012-06-01,EUROPEAN ORGANISATION FOR RESEARCH AND TREATMENT OF CANCER EORTC,isolated perfusion,,,,,,,False,"Other (biotech, private, etc.)"
NCT03961841,"Sixth Affiliated Hospital, Sun Yat-sen University",Perioperative mFLOT,PHASE3,NOT_YET_RECRUITING,Esophagogastric Junction Disorder; Neoplasms,2020-06-01,2029-08-01,SIXTH AFFILIATED HOSPITAL SUN YAT SEN UNIVERSITY,perioperative mflot,,,,,,,False,Academic / medical / govt
NCT03961841,"Sixth Affiliated Hospital, Sun Yat-sen University",Perioperative FOLFOX,PHASE3,NOT_YET_RECRUITING,Esophagogastric Junction Disorder; Neoplasms,2020-06-01,2029-08-01,SIXTH AFFILIATED HOSPITAL SUN YAT SEN UNIVERSITY,perioperative folfox,,,,,,,False,Academic / medical / govt
NCT00124605,National Cancer Institute (NCI),pamidronate disodium,PHASE1,COMPLETED,"Refractory Multiple Myeloma; Unspecified Adult Solid Tumor, Protocol Specific",2005-04-01,,NATIONAL CANCER INSTITUTE NCI,pamidronate disodium,,PAMIDRONATE DISODIUM,Pamidronate Disodium,"Hospira, Inc.",INTRAVENOUS,HUMAN PRESCRIPTION DRUG,False,Academic / medical / govt
NCT00124605,National Cancer Institute (NCI),arsenic trioxide,PHASE1,COMPLETED,"Refractory Multiple Myeloma; Unspecified Adult Solid Tumor, Protocol Specific",2005-04-01,,NATIONAL CANCER INSTITUTE NCI,arsenic trioxide,,"ARSENIC TRIOXIDE, CLEMATIS RECTA FLOWERING TOP, CONIUM MACULATUM FLOWERING TOP, LACHESIS MUTA VENOM, MERCURIC IODIDE, PHYTOLACCA AMERICANA ROOT, TOXICODENDRON PUBESCENS SHOOT, SCROPHULARIA NODOSA LEAF WITH STEM, AND SULFUR",Hevert Detox Lymph,Hevert Arzneimittel GmbH & Co KG,ORAL,HUMAN OTC DRUG,False,Academic / medical / govt
NCT06437522,"Sichuan Baili Pharmaceutical Co., Ltd.",BL-B01D1,PHASE2,RECRUITING,Head and Neck Squamous Cell Carcinoma,2024-06-07,2026-06-01,SICHUAN BAILI PHARMACEUTICAL,bl-b01d1,,,,,,,False,"Other (biotech, private, etc.)"
NCT06437522,"Sichuan Baili Pharmaceutical Co., Ltd.",PD-1 monoclonal antibody,PHASE2,RECRUITING,Head and Neck Squamous Cell Carcinoma,2024-06-07,2026-06-01,SICHUAN BAILI PHARMACEUTICAL,pd-1,,,,,,,False,"Other (biotech, private, etc.)"
NCT07524322,Regor Pharmaceuticals Inc.,RGT-490,PHASE1,NOT_YET_RECRUITING,Breast Cancer; Ovarian Cancer; Endometrial Cancer; PIK3CA Mutation; HER2- Negative Breast Cancer; Advanced Breast Cancer; Unresectable Solid Tumor; Hormone Receptor Positive Tumor; Cervical Cancer,2026-04-01,2028-10-01,REGOR PHARMACEUTICALS,rgt-490,,,,,,,False,"Other (biotech, private, etc.)"
NCT04171622,M.D. Anderson Cancer Center,Lenvatinib,PHASE2,ACTIVE_NOT_RECRUITING,Metastatic Thyroid Gland Carcinoma; Poorly Differentiated Thyroid Gland Carcinoma; Stage IVB Thyroid Gland Anaplastic Carcinoma AJCC v8; Stage IVC Thyroid Gland Anaplastic Carcinoma AJCC v8; Thyroid Gland Squamous Cell Carcinoma; Unresectable Thyroid Gland Carcinoma,2021-11-04,2027-08-31,M D ANDERSON CANCER CENTER,lenvatinib,,LENVATINIB,Lenvima,Eisai Inc.,ORAL,HUMAN PRESCRIPTION DRUG,False,Academic / medical / govt
NCT01086956,Yonsei University,"epidural infusion of saline, ropivecaine, or ropivacaine and sufentanil",NA,COMPLETED,Prostatic Cancer,2008-09-01,2009-12-01,YONSEI UNIVERSITY,epidural infusion of saline ropivecaine or ropivacaine and sufentanil,,,,,,,False,Academic / medical / govt
NCT03743246,Celgene,JCAR017,PHASE1,TERMINATED,"Precursor Cell Lymphoblastic Leukemia-Lymphoma; Lymphoma, Non-Hodgkin",2018-10-17,2024-01-26,CELGENE,jcar017,,,,,,,False,"Other (biotech, private, etc.)"
NCT03743246,Celgene,Lymphodepleting,PHASE1,TERMINATED,"Precursor Cell Lymphoblastic Leukemia-Lymphoma; Lymphoma, Non-Hodgkin",2018-10-17,2024-01-26,CELGENE,lymphodepleting,,,,,,,False,"Other (biotech, private, etc.)"
NCT03743246,Celgene,Fludarabine,PHASE1,TERMINATED,"Precursor Cell Lymphoblastic Leukemia-Lymphoma; Lymphoma, Non-Hodgkin",2018-10-17,2024-01-26,CELGENE,fludarabine,,FLUDARABINE PHOSPHATE,Fludarabine Phosphate,"Lannett Company, Inc.",INTRAVENOUS,HUMAN PRESCRIPTION DRUG,False,"Other (biotech, private, etc.)"
NCT03743246,Celgene,Cyclophosphamide,PHASE1,TERMINATED,"Precursor Cell Lymphoblastic Leukemia-Lymphoma; Lymphoma, Non-Hodgkin",2018-10-17,2024-01-26,CELGENE,cyclophosphamide,,CYCLOPHOSPHAMIDE,CYCLOPHOSPHAMIDE,"XGen Pharmaceuticals DJB, Inc.",INTRAVENOUS,HUMAN PRESCRIPTION DRUG,False,"Other (biotech, private, etc.)"
NCT07362888,Adcendo ApS,ADCE-B05,PHASE1,NOT_YET_RECRUITING,Solid Tumors (Phase 1),2026-03-31,2029-03-14,ADCENDO APS,adce-b05,,,,,,,False,"Other (biotech, private, etc.)"
NCT01596088,"Kissei Pharmaceutical Co., Ltd.",Dexrazoxane,PHASE1,COMPLETED,Extravasations of Anthracycline Anti-cancer Agents,,,KISSEI PHARMACEUTICAL,dexrazoxane,,DEXRAZOXANE,Dexrazoxane,Hikma Pharmaceuticals USA Inc.,INTRAVENOUS,HUMAN PRESCRIPTION DRUG,False,"Other (biotech, private, etc.)"
NCT02278861,Universidade Federal de Goias,Oral isotretinoin,PHASE2,COMPLETED,Actinic Keratosis,2011-11-01,2014-05-01,UNIVERSIDADE FEDERAL DE GOIAS,oral isotretinoin,,,,,,,False,"Other (biotech, private, etc.)"
NCT02278861,Universidade Federal de Goias,"Tretinoin 0,05% cream",PHASE2,COMPLETED,Actinic Keratosis,2011-11-01,2014-05-01,UNIVERSIDADE FEDERAL DE GOIAS,tretinoin 0 05 cream,,,,,,,False,"Other (biotech, private, etc.)"
NCT02278861,Universidade Federal de Goias,Sunscreen FPS 60,PHASE2,COMPLETED,Actinic Keratosis,2011-11-01,2014-05-01,UNIVERSIDADE FEDERAL DE GOIAS,sunscreen fps 60,,,,,,,False,"Other (biotech, private, etc.)"
NCT01819961,Wei Zhou,MCT/LCT and fish oil,PHASE4,UNKNOWN,Gastric Tumor; Pancreatic Tumor; Liver Tumor,2013-04-01,2013-12-01,WEI ZHOU,mct lct and fish oil,,,,,,,False,"Other (biotech, private, etc.)"
NCT01819961,Wei Zhou,MCT/LCT,PHASE4,UNKNOWN,Gastric Tumor; Pancreatic Tumor; Liver Tumor,2013-04-01,2013-12-01,WEI ZHOU,mct lct,,,,,,,False,"Other (biotech, private, etc.)"
NCT02345746,Western Regional Medical Center,Oxaliplatin,PHASE2,WITHDRAWN,Metastatic Colorectal Cancer,2012-12-01,2013-12-01,WESTERN REGIONAL MEDICAL CENTER,oxaliplatin,,OXALIPLATIN,Oxaliplatin,Meitheal Pharmaceuticals Inc.,INTRAVENOUS,HUMAN PRESCRIPTION DRUG,False,Academic / medical / govt
NCT02345746,Western Regional Medical Center,Folinic Acid,PHASE2,WITHDRAWN,Metastatic Colorectal Cancer,2012-12-01,2013-12-01,WESTERN REGIONAL MEDICAL CENTER,folinic acid,,,,,,,False,Academic / medical / govt
NCT02345746,Western Regional Medical Center,5-Fluorouracil,PHASE2,WITHDRAWN,Metastatic Colorectal Cancer,2012-12-01,2013-12-01,WESTERN REGIONAL MEDICAL CENTER,5-fluorouracil,,,,,,,False,Academic / medical / govt
NCT07214688,Hackensack Meridian Health,Fludarabine,PHASE2,RECRUITING,Allogeneic Stem Cell Transplant Recipient,2026-01-06,2032-01-01,HACKENSACK MERIDIAN HEALTH,fludarabine,,FLUDARABINE PHOSPHATE,Fludarabine Phosphate,"Lannett Company, Inc.",INTRAVENOUS,HUMAN PRESCRIPTION DRUG,False,Academic / medical / govt
NCT07214688,Hackensack Meridian Health,Post-transplant Cyclophosphamide (PTCy),PHASE2,RECRUITING,Allogeneic Stem Cell Transplant Recipient,2026-01-06,2032-01-01,HACKENSACK MERIDIAN HEALTH,post-transplant cyclophosphamide ptcy,,,,,,,False,Academic / medical / govt
NCT07214688,Hackensack Meridian Health,Tacrolimus,PHASE2,RECRUITING,Allogeneic Stem Cell Transplant Recipient,2026-01-06,2032-01-01,HACKENSACK MERIDIAN HEALTH,tacrolimus,,TACROLIMUS EXTENDED-RELEASE CAPSULES,tacrolimus,"Chengdu Suncadia Medicine Co., Ltd.",ORAL,HUMAN PRESCRIPTION DRUG,False,Academic / medical / govt
NCT07214688,Hackensack Meridian Health,Mycophenolate mofetil (MMF),PHASE2,RECRUITING,Allogeneic Stem Cell Transplant Recipient,2026-01-06,2032-01-01,HACKENSACK MERIDIAN HEALTH,mycophenolate mofetil mmf,,,,,,,False,Academic / medical / govt
NCT00702403,Fred Hutchinson Cancer Center,nilotinib,PHASE1,COMPLETED,"Accelerated Phase Chronic Myelogenous Leukemia; Adult Acute Lymphoblastic Leukemia in Remission; Blastic Phase Chronic Myelogenous Leukemia; Childhood Acute Lymphoblastic Leukemia in Remission; Childhood Chronic Myelogenous Leukemia; Chronic Myelogenous Leukemia, BCR-ABL1 Positive; Chronic Phase Chronic Myelogenous Leukemia; Philadelphia Positive Adult Acute Lymphoblastic Leukemia; Philadelphia Positive Childhood Acute Lymphoblastic Leukemia; Recurrent Adult Acute Lymphoblastic Leukemia; Recurrent Childhood Acute Lymphoblastic Leukemia; Relapsing Chronic Myelogenous Leukemia; Untreated Adult Acute Lymphoblastic Leukemia; Untreated Childhood Acute Lymphoblastic Leukemia",2008-08-14,2013-12-01,FRED HUTCHINSON CANCER CENTER,nilotinib,,NILOTINIB,nilotinib,Novadoz Pharmaceuticals LLC,ORAL,HUMAN PRESCRIPTION DRUG,False,Academic / medical / govt
NCT00702403,Fred Hutchinson Cancer Center,imatinib mesylate,PHASE1,COMPLETED,"Accelerated Phase Chronic Myelogenous Leukemia; Adult Acute Lymphoblastic Leukemia in Remission; Blastic Phase Chronic Myelogenous Leukemia; Childhood Acute Lymphoblastic Leukemia in Remission; Childhood Chronic Myelogenous Leukemia; Chronic Myelogenous Leukemia, BCR-ABL1 Positive; Chronic Phase Chronic Myelogenous Leukemia; Philadelphia Positive Adult Acute Lymphoblastic Leukemia; Philadelphia Positive Childhood Acute Lymphoblastic Leukemia; Recurrent Adult Acute Lymphoblastic Leukemia; Recurrent Childhood Acute Lymphoblastic Leukemia; Relapsing Chronic Myelogenous Leukemia; Untreated Adult Acute Lymphoblastic Leukemia; Untreated Childhood Acute Lymphoblastic Leukemia",2008-08-14,2013-12-01,FRED HUTCHINSON CANCER CENTER,imatinib,,IMATINIB MESYLATE,Imatinib Mesylate,Apotex Corp,ORAL,HUMAN PRESCRIPTION DRUG,False,Academic / medical / govt
NCT02402842,Centre Hospitalier Universitaire de Besancon,"Docetaxel, Cisplatin and 5-Fluorouracil",PHASE2,COMPLETED,Anal Canal Carcinoma,2014-09-01,2020-06-30,CENTRE HOSPITALIER UNIVERSITAIRE DE BESANCON,docetaxel cisplatin and 5-fluorouracil,,,,,,,False,Academic / medical / govt
NCT06092242,The Second Affiliated Hospital of Shandong First Medical University,Tas-102(Suyuan) combined with bevacizumab,PHASE2,NOT_YET_RECRUITING,Colorectal Cancer,2023-10-15,2027-10-15,THE SECOND AFFILIATED HOSPITAL OF SHANDONG FIRST MEDICAL UNIVERSITY,tas-102 suyuan combined with bevacizumab,,,,,,,False,Academic / medical / govt
NCT05050942,Camurus AB,CAM2029,PHASE3,ACTIVE_NOT_RECRUITING,Gastro-enteropancreatic Neuroendocrine Tumor,2021-10-22,2028-07-01,CAMURUS AB,cam2029,,,,,,,False,"Other (biotech, private, etc.)"
NCT05050942,Camurus AB,Octreotide LAR,PHASE3,ACTIVE_NOT_RECRUITING,Gastro-enteropancreatic Neuroendocrine Tumor,2021-10-22,2028-07-01,CAMURUS AB,octreotide lar,,,,,,,False,"Other (biotech, private, etc.)"
NCT05050942,Camurus AB,Lanreotide ATG,PHASE3,ACTIVE_NOT_RECRUITING,Gastro-enteropancreatic Neuroendocrine Tumor,2021-10-22,2028-07-01,CAMURUS AB,lanreotide atg,,,,,,,False,"Other (biotech, private, etc.)"
NCT06950086,"TYK Medicines, Inc",TYK-00540,PHASE1,RECRUITING,"HR-positive, HER2-negative Advanced Breast Cancer",2024-01-02,2026-11-01,TYK MEDICINES,tyk-00540,,,,,,,False,"Other (biotech, private, etc.)"
NCT03455270,"G1 Therapeutics, Inc.",G1T48,PHASE1,COMPLETED,"Carcinoma, Ductal, Breast; Breast Cancer Female; Breast Neoplasm; Breast Cancer; Metastatic Breast Cancer; Advanced Breast Cancer; Stage IV Breast Cancer",2018-05-09,2022-09-29,G1 THERAPEUTICS,g1t48,,,,,,,False,"Other (biotech, private, etc.)"
NCT03455270,"G1 Therapeutics, Inc.",Palbociclib,PHASE1,COMPLETED,"Carcinoma, Ductal, Breast; Breast Cancer Female; Breast Neoplasm; Breast Cancer; Metastatic Breast Cancer; Advanced Breast Cancer; Stage IV Breast Cancer",2018-05-09,2022-09-29,G1 THERAPEUTICS,palbociclib,,PALBOCICLIB,Ibrance,U.S. Pharmaceuticals,ORAL,HUMAN PRESCRIPTION DRUG,False,"Other (biotech, private, etc.)"
NCT01548573,University of Iowa,Dexamethasone,PHASE2,TERMINATED,Multiple Myeloma,2012-05-01,2014-08-01,UNIVERSITY OF IOWA,dexamethasone,,DEXAMETHASONE,Dexamethasone,"Advanced Rx Pharmacy of Tennessee, LLC",ORAL,HUMAN PRESCRIPTION DRUG,False,Academic / medical / govt
NCT01548573,University of Iowa,Cisplatin,PHASE2,TERMINATED,Multiple Myeloma,2012-05-01,2014-08-01,UNIVERSITY OF IOWA,cisplatin,,CISPLATIN,Cisplatin,Sagent Pharmaceuticals,INTRAVENOUS,HUMAN PRESCRIPTION DRUG,False,Academic / medical / govt
NCT01548573,University of Iowa,Doxorubicin,PHASE2,TERMINATED,Multiple Myeloma,2012-05-01,2014-08-01,UNIVERSITY OF IOWA,doxorubicin,,DOXORUBICIN HYDROCHLORIDE,Doxorubicin Hydrochloride,Pfizer Laboratories Div Pfizer Inc,INTRAVENOUS,HUMAN PRESCRIPTION DRUG,False,Academic / medical / govt
NCT01548573,University of Iowa,Cyclophosphamide,PHASE2,TERMINATED,Multiple Myeloma,2012-05-01,2014-08-01,UNIVERSITY OF IOWA,cyclophosphamide,,CYCLOPHOSPHAMIDE,CYCLOPHOSPHAMIDE,"XGen Pharmaceuticals DJB, Inc.",INTRAVENOUS,HUMAN PRESCRIPTION DRUG,False,Academic / medical / govt
NCT01548573,University of Iowa,Etoposide,PHASE2,TERMINATED,Multiple Myeloma,2012-05-01,2014-08-01,UNIVERSITY OF IOWA,etoposide,,ETOPOSIDE,Etoposide,BluePoint Laboratories,INTRAVENOUS,HUMAN PRESCRIPTION DRUG,False,Academic / medical / govt
NCT01548573,University of Iowa,Bortezomib,PHASE2,TERMINATED,Multiple Myeloma,2012-05-01,2014-08-01,UNIVERSITY OF IOWA,bortezomib,,BORTEZOMIB,Bortezomib,"Camber Pharmaceuticals, Inc.",INTRAVENOUS,HUMAN PRESCRIPTION DRUG,False,Academic / medical / govt
NCT01548573,University of Iowa,Thalidomide,PHASE2,TERMINATED,Multiple Myeloma,2012-05-01,2014-08-01,UNIVERSITY OF IOWA,thalidomide,,THALIDOMIDE,Thalomid,Celgene Corporation,ORAL,HUMAN PRESCRIPTION DRUG,False,Academic / medical / govt
NCT01548573,University of Iowa,Melphalan,PHASE2,TERMINATED,Multiple Myeloma,2012-05-01,2014-08-01,UNIVERSITY OF IOWA,melphalan,,MELPHALAN HYDROCHLORIDE,Melphalan Hydrochloride,Arthur Group LLC,INTRAVENOUS,HUMAN PRESCRIPTION DRUG,False,Academic / medical / govt
NCT00015873,Dutch Childhood Oncology Group,asparaginase,PHASE3,COMPLETED,Leukemia,1999-05-01,2009-12-01,DUTCH CHILDHOOD ONCOLOGY GROUP,asparaginase,,ASPARAGINASE ERWINIA CHRYSANTHEMI (RECOMBINANT)-RYWN,Rylaze,"Jazz Pharmaceuticals, Inc.",INTRAMUSCULAR,HUMAN PRESCRIPTION DRUG,False,"Other (biotech, private, etc.)"
NCT00015873,Dutch Childhood Oncology Group,cytarabine,PHASE3,COMPLETED,Leukemia,1999-05-01,2009-12-01,DUTCH CHILDHOOD ONCOLOGY GROUP,cytarabine,,CYTARABINE,Cytarabine,Meitheal Pharmaceuticals Inc.,INTRAVENOUS,HUMAN PRESCRIPTION DRUG,False,"Other (biotech, private, etc.)"
NCT00015873,Dutch Childhood Oncology Group,mercaptopurine,PHASE3,COMPLETED,Leukemia,1999-05-01,2009-12-01,DUTCH CHILDHOOD ONCOLOGY GROUP,mercaptopurine,,MERCAPTOPURINE,MERCAPTOPURINE,Hikma Pharmaceuticals USA Inc.,ORAL,HUMAN PRESCRIPTION DRUG,False,"Other (biotech, private, etc.)"
NCT00015873,Dutch Childhood Oncology Group,methotrexate,PHASE3,COMPLETED,Leukemia,1999-05-01,2009-12-01,DUTCH CHILDHOOD ONCOLOGY GROUP,methotrexate,,METHOTREXATE,METHOTREXATE,Alembic Pharmaceuticals Inc.,ORAL,HUMAN PRESCRIPTION DRUG,False,"Other (biotech, private, etc.)"
NCT00015873,Dutch Childhood Oncology Group,prednisolone,PHASE3,COMPLETED,Leukemia,1999-05-01,2009-12-01,DUTCH CHILDHOOD ONCOLOGY GROUP,prednisolone,,PREDNISOLONE ACETATE,PRED FORTE,"Allergan, Inc.",OPHTHALMIC,HUMAN PRESCRIPTION DRUG,False,"Other (biotech, private, etc.)"
NCT00015873,Dutch Childhood Oncology Group,vincristine sulfate,PHASE3,COMPLETED,Leukemia,1999-05-01,2009-12-01,DUTCH CHILDHOOD ONCOLOGY GROUP,vincristine,,VINCRISTINE SULFATE,VinCRIStine Sulfate,"Hospira, Inc.",INTRAVENOUS,HUMAN PRESCRIPTION DRUG,False,"Other (biotech, private, etc.)"
NCT06014073,Chinese PLA General Hospital,Fludarabine,PHASE1,RECRUITING,Non Hodgkin's Lymphoma,2023-09-06,2026-09-01,CHINE PLA GENERAL HOSPITAL,fludarabine,,FLUDARABINE PHOSPHATE,Fludarabine Phosphate,"Lannett Company, Inc.",INTRAVENOUS,HUMAN PRESCRIPTION DRUG,False,Academic / medical / govt
NCT06014073,Chinese PLA General Hospital,Cyclophosphamide,PHASE1,RECRUITING,Non Hodgkin's Lymphoma,2023-09-06,2026-09-01,CHINE PLA GENERAL HOSPITAL,cyclophosphamide,,CYCLOPHOSPHAMIDE,CYCLOPHOSPHAMIDE,"XGen Pharmaceuticals DJB, Inc.",INTRAVENOUS,HUMAN PRESCRIPTION DRUG,False,Academic / medical / govt
NCT00859469,Columbia University,Oxaliplatin,PHASE2,COMPLETED,Mesothelioma,2004-04-01,2013-03-01,COLUMBIA UNIVERSITY,oxaliplatin,,OXALIPLATIN,Oxaliplatin,Meitheal Pharmaceuticals Inc.,INTRAVENOUS,HUMAN PRESCRIPTION DRUG,False,Academic / medical / govt
NCT00859469,Columbia University,Gemcitabine,PHASE2,COMPLETED,Mesothelioma,2004-04-01,2013-03-01,COLUMBIA UNIVERSITY,gemcitabine,,GEMCITABINE HYDROCHLORIDE,Gemcitabine,Mylan Institutional LLC,INTRAVENOUS,HUMAN PRESCRIPTION DRUG,False,Academic / medical / govt
NCT00127569,French National Agency for Research on AIDS and Viral Hepatitis,Rituximab,PHASE2,TERMINATED,HIV Infections; Giant Lymph Node Hyperplasia,2003-05-01,2006-01-01,FRENCH NATIONAL AGENCY FOR RESEARCH ON AIDS AND VIRAL HEPATITIS,rituximab,,RITUXIMAB AND HYALURONIDASE,Rituxan Hycela,"Genentech, Inc.",SUBCUTANEOUS,HUMAN PRESCRIPTION DRUG,False,"Other (biotech, private, etc.)"
NCT03381183,H. Lee Moffitt Cancer Center and Research Institute,Durvalumab,PHASE1,COMPLETED,Squamous Cell Carcinoma; Squamous Cell Carcinoma of the Head and Neck; Metastatic Squamous Cell Carcinoma; Oral Cavity Squamous Cell Carcinoma; Oropharynx Squamous Cell Carcinoma; Paranasal Sinus Squamous Cell Carcinoma; Hypopharynx Squamous Cell Carcinoma; Larynx Squamous Cell Carcinoma,2019-08-21,2023-06-30,H LEE MOFFITT CANCER CENTER AND RESEARCH INSTITUTE,durvalumab,,DURVALUMAB,IMFINZI,AstraZeneca Pharmaceuticals LP,INTRAVENOUS,HUMAN PRESCRIPTION DRUG,False,Academic / medical / govt
NCT03381183,H. Lee Moffitt Cancer Center and Research Institute,IRX-2 Regimen,PHASE1,COMPLETED,Squamous Cell Carcinoma; Squamous Cell Carcinoma of the Head and Neck; Metastatic Squamous Cell Carcinoma; Oral Cavity Squamous Cell Carcinoma; Oropharynx Squamous Cell Carcinoma; Paranasal Sinus Squamous Cell Carcinoma; Hypopharynx Squamous Cell Carcinoma; Larynx Squamous Cell Carcinoma,2019-08-21,2023-06-30,H LEE MOFFITT CANCER CENTER AND RESEARCH INSTITUTE,irx-2 regimen,,,,,,,False,Academic / medical / govt
NCT03083041,"Jiangsu HengRui Medicine Co., Ltd.",Apatinib,PHASE2,COMPLETED,"Carcinoma, Non-Small-Cell Lung",2017-03-13,2022-04-22,JIANGSU HENGRUI MEDICINE,apatinib,,,,,,,False,"Other (biotech, private, etc.)"
NCT04024254,Rush University Medical Center,Folic Acid Tablet,PHASE4,COMPLETED,Ovarian Cancer; Breast Cancer; Folic Acid Deficiency,2020-07-21,2025-12-31,RUSH UNIVERSITY MEDICAL CENTER,folic acid,,,,,,,False,Academic / medical / govt
NCT02112656,Imunon,ThermoDox,PHASE3,COMPLETED,Hepatocellular Carcinoma,2014-06-01,2020-04-27,IMUNON,thermodox,,,,,,,False,"Other (biotech, private, etc.)"
NCT02112656,Imunon,Dummy infusion,PHASE3,COMPLETED,Hepatocellular Carcinoma,2014-06-01,2020-04-27,IMUNON,dummy infusion,,,,,,,False,"Other (biotech, private, etc.)"
NCT03976856,"Genor Biopharma Co., Ltd.",GB226,PHASE1,UNKNOWN,Metastatic Non-small Cell Lung Cancer,2019-07-23,2022-12-01,GENOR BIOPHARMA,gb226,,,,,,,False,"Other (biotech, private, etc.)"
NCT03976856,"Genor Biopharma Co., Ltd.",Fruquintinib,PHASE1,UNKNOWN,Metastatic Non-small Cell Lung Cancer,2019-07-23,2022-12-01,GENOR BIOPHARMA,fruquintinib,,FRUQUINTINIB,Fruzaqla,"Takeda Pharmaceuticals America, Inc.",ORAL,HUMAN PRESCRIPTION DRUG,False,"Other (biotech, private, etc.)"
NCT06061276,Sun Yat-sen University,Lenvatinib,NA,RECRUITING,Liver Diseases; Hepatocellular Carcinoma; Immunotherapy; Camrelizumab; Lenvatinib,2024-05-20,2025-12-30,SUN YAT SEN UNIVERSITY,lenvatinib,,LENVATINIB,Lenvima,Eisai Inc.,ORAL,HUMAN PRESCRIPTION DRUG,False,Academic / medical / govt
NCT06061276,Sun Yat-sen University,Camrelizumab,NA,RECRUITING,Liver Diseases; Hepatocellular Carcinoma; Immunotherapy; Camrelizumab; Lenvatinib,2024-05-20,2025-12-30,SUN YAT SEN UNIVERSITY,camrelizumab,,,,,,,False,Academic / medical / govt
NCT06043817,Pierre Fabre Medicament,STX-721/PFL-721 (Escalated),PHASE1,RECRUITING,Non-Small Cell Lung Cancer; NSCLC; EGFR/HER2 Exon 20 Insertion Mutation,2023-09-26,2029-12-01,PIERRE FABRE MEDICAMENT,stx-721 pfl-721 escalated,,,,,,,False,"Other (biotech, private, etc.)"
NCT06043817,Pierre Fabre Medicament,STX-721/PFL-721 (3 dose levels),PHASE1,RECRUITING,Non-Small Cell Lung Cancer; NSCLC; EGFR/HER2 Exon 20 Insertion Mutation,2023-09-26,2029-12-01,PIERRE FABRE MEDICAMENT,stx-721 pfl-721 3 dose levels,,,,,,,False,"Other (biotech, private, etc.)"
NCT06043817,Pierre Fabre Medicament,STX-721/PFL-721 (RP2D),PHASE1,RECRUITING,Non-Small Cell Lung Cancer; NSCLC; EGFR/HER2 Exon 20 Insertion Mutation,2023-09-26,2029-12-01,PIERRE FABRE MEDICAMENT,stx-721 pfl-721 rp2d,,,,,,,False,"Other (biotech, private, etc.)"
NCT03609489,First Affiliated Hospital of Guangxi Medical University,Capecitabine,PHASE2,UNKNOWN,Biliary Carcinoma,2018-09-10,2021-12-25,FIRST AFFILIATED HOSPITAL OF GUANGXI MEDICAL UNIVERSITY,capecitabine,,CAPECITABINE,capecitabine,Dr. Reddy's Laboratories Limited,ORAL,HUMAN PRESCRIPTION DRUG,False,Academic / medical / govt
NCT03609489,First Affiliated Hospital of Guangxi Medical University,Apatinib,PHASE2,UNKNOWN,Biliary Carcinoma,2018-09-10,2021-12-25,FIRST AFFILIATED HOSPITAL OF GUANGXI MEDICAL UNIVERSITY,apatinib,,,,,,,False,Academic / medical / govt
NCT02750891,"Sumitomo Pharma Co., Ltd.",DSP-7888,PHASE1,COMPLETED,Glioblastoma; Diffuse Intrinsic Pontine Glioma,2016-04-01,2020-01-01,SUMITOMO PHARMA,dsp-7888,,,,,,,False,"Other (biotech, private, etc.)"
NCT03184090,MedSIR,Palbociclib,PHASE2,COMPLETED,Metastatic Breast Cancer,2017-06-28,2020-10-27,MEDSIR,palbociclib,,PALBOCICLIB,Ibrance,U.S. Pharmaceuticals,ORAL,HUMAN PRESCRIPTION DRUG,False,"Other (biotech, private, etc.)"
NCT03184090,MedSIR,Endocrine therapy (non IMP),PHASE2,COMPLETED,Metastatic Breast Cancer,2017-06-28,2020-10-27,MEDSIR,endocrine therapy non imp,,,,,,,False,"Other (biotech, private, etc.)"
NCT07123090,Stephanie Berg,Sasanlimab,PHASE2,RECRUITING,Metastatic Renal Cell Carcinoma; Metastatic Renal Cancer; Renal Cell Carcinoma; Advanced Clear Cell Renal Cell Carcinoma; Kidney Cancer; Translocation Renal Cell Carcinoma,2025-11-24,2028-02-01,STEPHANIE BERG,sasanlimab,,,,,,,False,"Other (biotech, private, etc.)"
NCT07123090,Stephanie Berg,Palbociclib,PHASE2,RECRUITING,Metastatic Renal Cell Carcinoma; Metastatic Renal Cancer; Renal Cell Carcinoma; Advanced Clear Cell Renal Cell Carcinoma; Kidney Cancer; Translocation Renal Cell Carcinoma,2025-11-24,2028-02-01,STEPHANIE BERG,palbociclib,,PALBOCICLIB,Ibrance,U.S. Pharmaceuticals,ORAL,HUMAN PRESCRIPTION DRUG,False,"Other (biotech, private, etc.)"
NCT07123090,Stephanie Berg,Axitinib,PHASE2,RECRUITING,Metastatic Renal Cell Carcinoma; Metastatic Renal Cancer; Renal Cell Carcinoma; Advanced Clear Cell Renal Cell Carcinoma; Kidney Cancer; Translocation Renal Cell Carcinoma,2025-11-24,2028-02-01,STEPHANIE BERG,axitinib,,AXITINIB,INLYTA,Pfizer Laboratories Div Pfizer Inc,ORAL,HUMAN PRESCRIPTION DRUG,False,"Other (biotech, private, etc.)"
NCT05717790,Fourth Affiliated Hospital of Guangxi Medical University,Nimotuzumab,NA,RECRUITING,Nasopharyngeal Carcinoma by AJCC V8 Stage,2022-12-01,2027-11-30,FOURTH AFFILIATED HOSPITAL OF GUANGXI MEDICAL UNIVERSITY,nimotuzumab,,,,,,,False,Academic / medical / govt
NCT05717790,Fourth Affiliated Hospital of Guangxi Medical University,Gemcitabine,NA,RECRUITING,Nasopharyngeal Carcinoma by AJCC V8 Stage,2022-12-01,2027-11-30,FOURTH AFFILIATED HOSPITAL OF GUANGXI MEDICAL UNIVERSITY,gemcitabine,,GEMCITABINE HYDROCHLORIDE,Gemcitabine,Mylan Institutional LLC,INTRAVENOUS,HUMAN PRESCRIPTION DRUG,False,Academic / medical / govt
NCT05717790,Fourth Affiliated Hospital of Guangxi Medical University,Cisplatin,NA,RECRUITING,Nasopharyngeal Carcinoma by AJCC V8 Stage,2022-12-01,2027-11-30,FOURTH AFFILIATED HOSPITAL OF GUANGXI MEDICAL UNIVERSITY,cisplatin,,CISPLATIN,Cisplatin,Sagent Pharmaceuticals,INTRAVENOUS,HUMAN PRESCRIPTION DRUG,False,Academic / medical / govt
NCT02213497,Abramson Cancer Center at Penn Medicine,Carboplatin,PHASE1,ACTIVE_NOT_RECRUITING,Esophageal Cancer,2014-04-01,2026-12-31,ABRAMSON CANCER CENTER AT PENN MEDICINE,carboplatin,,CARBOPLATIN,CARBOPLATIN,Apotex Corp.,INTRAVENOUS,HUMAN PRESCRIPTION DRUG,False,Academic / medical / govt
NCT02213497,Abramson Cancer Center at Penn Medicine,Paclitaxel,PHASE1,ACTIVE_NOT_RECRUITING,Esophageal Cancer,2014-04-01,2026-12-31,ABRAMSON CANCER CENTER AT PENN MEDICINE,paclitaxel,,PACLITAXEL,Paclitaxel,Alembic Pharmaceuticals Inc.,INTRAVENOUS,HUMAN PRESCRIPTION DRUG,False,Academic / medical / govt
NCT00001113,National Institute of Allergy and Infectious Diseases (NIAID),Interferon alfa-2a,PHASE1,COMPLETED,"Sarcoma, Kaposi; HIV Infections",,1990-03-01,NATIONAL INSTITUTE OF ALLERGY AND INFECTIOUS DISEASES NIAID,interferon alfa-2a,,,,,,,False,Academic / medical / govt
NCT00001113,National Institute of Allergy and Infectious Diseases (NIAID),Zidovudine,PHASE1,COMPLETED,"Sarcoma, Kaposi; HIV Infections",,1990-03-01,NATIONAL INSTITUTE OF ALLERGY AND INFECTIOUS DISEASES NIAID,zidovudine,,LAMIVUDINE AND ZIDOVUDINE,LAMIVUDINE and ZIDOVUDINE,Bryant Ranch Prepack,ORAL,HUMAN PRESCRIPTION DRUG,False,Academic / medical / govt
NCT00001113,National Institute of Allergy and Infectious Diseases (NIAID),Interferon alfa-n1,PHASE1,COMPLETED,"Sarcoma, Kaposi; HIV Infections",,1990-03-01,NATIONAL INSTITUTE OF ALLERGY AND INFECTIOUS DISEASES NIAID,interferon alfa-n1,,,,,,,False,Academic / medical / govt
NCT02354313,Fondazione Italiana Linfomi - ETS,Lenalidomide,PHASE3,UNKNOWN,MANTLE CELL LYMPHOMA,2010-05-01,2019-01-01,FONDAZIONE ITALIANA LINFOMI ETS,lenalidomide,,LENALIDOMIDE,Lenalidomide,"Teva Pharmaceuticals, Inc.",ORAL,HUMAN PRESCRIPTION DRUG,False,"Other (biotech, private, etc.)"
NCT01134120,Eli Lilly and Company,LY2784544,PHASE1,COMPLETED,"Myeloproliferative Disorders; Thrombocythemia, Essential; Polycythemia Vera; Primary Myelofibrosis",2010-04-01,2018-02-22,ELI LILLY AND COMPANY,ly2784544,LLY,,,,,,True,Public pharma
NCT02207959,Susana Gonzalez,Proflavine Hemisulphate salt,PHASE1,TERMINATED,Gastric Cancer,2015-01-01,2015-06-01,SUSANA GONZALEZ,proflavine hemisulphate salt,,,,,,,False,"Other (biotech, private, etc.)"
NCT03839459,University of Rochester,Denosumab,PHASE2,COMPLETED,Smoldering Multiple Myeloma,2019-04-19,2025-01-30,UNIVERSITY OF ROCHESTER,denosumab,,DENOSUMAB-BMWO,Stoboclo,"CELLTRION USA, Inc.",SUBCUTANEOUS,HUMAN PRESCRIPTION DRUG,False,Academic / medical / govt
NCT03913559,St. Jude Children's Research Hospital,Inotuzumab ozogamicin,PHASE2,TERMINATED,Acute Lymphoblastic Leukemia,2019-05-14,2025-09-15,ST JUDE CHILDREN S RESEARCH HOSPITAL,inotuzumab ozogamicin,,INOTUZUMAB OZOGAMICIN,Besponsa,"Wyeth Pharmaceuticals LLC, a subsidiary of Pfizer Inc.",INTRAVENOUS,HUMAN PRESCRIPTION DRUG,False,Academic / medical / govt
NCT03913559,St. Jude Children's Research Hospital,Methotrexate,PHASE2,TERMINATED,Acute Lymphoblastic Leukemia,2019-05-14,2025-09-15,ST JUDE CHILDREN S RESEARCH HOSPITAL,methotrexate,,METHOTREXATE,METHOTREXATE,Alembic Pharmaceuticals Inc.,ORAL,HUMAN PRESCRIPTION DRUG,False,Academic / medical / govt
NCT03913559,St. Jude Children's Research Hospital,Hydrocortisone,PHASE2,TERMINATED,Acute Lymphoblastic Leukemia,2019-05-14,2025-09-15,ST JUDE CHILDREN S RESEARCH HOSPITAL,hydrocortisone,,HYDROCORTISONE,anti itch,"Meijer, Inc.",TOPICAL,HUMAN OTC DRUG,False,Academic / medical / govt
NCT03913559,St. Jude Children's Research Hospital,Cytarabine,PHASE2,TERMINATED,Acute Lymphoblastic Leukemia,2019-05-14,2025-09-15,ST JUDE CHILDREN S RESEARCH HOSPITAL,cytarabine,,CYTARABINE,Cytarabine,Meitheal Pharmaceuticals Inc.,INTRAVENOUS,HUMAN PRESCRIPTION DRUG,False,Academic / medical / govt
NCT03913559,St. Jude Children's Research Hospital,Diphenhydramine,PHASE2,TERMINATED,Acute Lymphoblastic Leukemia,2019-05-14,2025-09-15,ST JUDE CHILDREN S RESEARCH HOSPITAL,diphenhydramine,,DIPHENHYDRAMINE HCL,Childrens Allergy Relief,Best Choice,ORAL,HUMAN OTC DRUG,False,Academic / medical / govt
NCT03913559,St. Jude Children's Research Hospital,Acetaminophen,PHASE2,TERMINATED,Acute Lymphoblastic Leukemia,2019-05-14,2025-09-15,ST JUDE CHILDREN S RESEARCH HOSPITAL,acetaminophen,,ACETAMINOPHEN,Pain Reliever Extra Strength,Valu Merchandisers Company,ORAL,HUMAN OTC DRUG,False,Academic / medical / govt
NCT03913559,St. Jude Children's Research Hospital,Methylprednisolone,PHASE2,TERMINATED,Acute Lymphoblastic Leukemia,2019-05-14,2025-09-15,ST JUDE CHILDREN S RESEARCH HOSPITAL,methylprednisolone,,"METHYLPREDNISOLONE ACETATE, LIDOCAINE HYDROCHLORIDE, BUPIVACAINE HYDROCHLORIDE, POVIDINE IODINE, SODIUM CHLORIDE, ISOPROPYL ALCOHOL",Dyural 40 Kit,"Advanced Rx Pharmacy of Tennessee, LLC",EPIDURAL,HUMAN PRESCRIPTION DRUG,False,Academic / medical / govt
NCT03561259,Jubilant DraxImage Inc.,131I-MIBG,PHASE2,UNKNOWN,Neuroblastoma; Neuroectodermal Tumors; Neoplasms,2019-10-21,2025-04-01,JUBILANT DRAXIMAGE,131i-mibg,,,,,,,False,"Other (biotech, private, etc.)"
NCT03561259,Jubilant DraxImage Inc.,131-MIBG + Vorinostat,PHASE2,UNKNOWN,Neuroblastoma; Neuroectodermal Tumors; Neoplasms,2019-10-21,2025-04-01,JUBILANT DRAXIMAGE,131-mibg vorinostat,,,,,,,False,"Other (biotech, private, etc.)"
NCT05329103,Peel Therapeutics Inc,PEEL-224,PHASE1,RECRUITING,Advanced Solid Tumor,2022-07-11,2026-03-01,PEEL THERAPEUTICS,peel-224,,,,,,,False,"Other (biotech, private, etc.)"
NCT05329103,Peel Therapeutics Inc,FOLF+B,PHASE1,RECRUITING,Advanced Solid Tumor,2022-07-11,2026-03-01,PEEL THERAPEUTICS,folf b,,,,,,,False,"Other (biotech, private, etc.)"
